datetime,sensor_id,forecast,lower_80,upper_80,sensor_name
2026-10-04 04:00:00,3,223.0487,158.85071,282.85132,Swa295_T
2026-10-04 05:00:00,3,131.56763,70.88159,188.48022,Swa295_T
2026-10-04 06:00:00,3,105.36841,51.40027,160.4552,Swa295_T
2026-10-04 07:00:00,3,132.41418,67.85803,197.39667,Swa295_T
2026-10-04 08:00:00,3,217.9414,124.45007,307.3888,Swa295_T
2026-10-04 09:00:00,3,439.18805,285.8769,568.5921,Swa295_T
2026-10-04 10:00:00,3,788.8308,570.07904,969.7968,Swa295_T
2026-10-04 11:00:00,3,1347.9856,1022.9646,1590.7734,Swa295_T
2026-10-04 12:00:00,3,1984.2513,1501.8977,2352.504,Swa295_T
2026-10-04 13:00:00,3,2440.4336,1873.5464,2859.811,Swa295_T
2026-10-04 14:00:00,3,2514.5208,1938.3357,2949.377,Swa295_T
2026-10-04 15:00:00,3,2512.556,1978.3114,2909.7544,Swa295_T
2026-10-04 16:00:00,3,2434.7202,1901.8865,2846.9556,Swa295_T
2026-10-04 17:00:00,3,2331.391,1800.6038,2761.1108,Swa295_T
2026-10-04 18:00:00,3,2105.3723,1634.9454,2492.4658,Swa295_T
2026-10-04 19:00:00,3,1935.459,1494.7523,2307.7734,Swa295_T
2026-10-04 20:00:00,3,1557.8467,1224.6189,1844.0001,Swa295_T
2026-10-04 21:00:00,3,1122.2059,881.29675,1345.4739,Swa295_T
2026-10-04 22:00:00,3,686.95154,509.18268,848.136,Swa295_T
2026-10-04 23:00:00,3,388.91998,266.11322,513.6386,Swa295_T
2026-10-05 00:00:00,3,225.3634,124.35718,332.39954,Swa295_T
2026-10-05 01:00:00,3,136.3172,60.579346,218.91632,Swa295_T
2026-10-05 02:00:00,3,102.72449,42.117554,167.05359,Swa295_T
2026-10-05 03:00:00,3,84.39612,38.392334,129.66882,Swa295_T
2026-10-05 04:00:00,3,47.71228,13.460327,77.390625,Swa295_T
2026-10-05 05:00:00,3,59.055786,33.36194,71.980225,Swa295_T
2026-10-05 06:00:00,3,116.68054,75.105225,149.36755,Swa295_T
2026-10-05 07:00:00,3,209.86237,151.52856,251.35242,Swa295_T
2026-10-05 08:00:00,3,452.68634,350.88605,536.1565,Swa295_T
2026-10-05 09:00:00,3,564.0906,441.17206,667.75476,Swa295_T
2026-10-05 10:00:00,3,855.6344,697.358,1005.04706,Swa295_T
2026-10-05 11:00:00,3,1336.4104,1107.169,1553.0183,Swa295_T
2026-10-05 12:00:00,3,2065.2463,1631.5682,2469.756,Swa295_T
2026-10-05 13:00:00,3,2171.8425,1721.7826,2591.0886,Swa295_T
2026-10-05 14:00:00,3,2057.3748,1626.4049,2464.8025,Swa295_T
2026-10-05 15:00:00,3,2099.1597,1699.2262,2469.9558,Swa295_T
2026-10-05 16:00:00,3,2188.9558,1793.5645,2558.2305,Swa295_T
2026-10-05 17:00:00,3,2353.3677,1957.6754,2712.7927,Swa295_T
2026-10-05 18:00:00,3,2152.3225,1830.852,2440.1384,Swa295_T
2026-10-05 19:00:00,3,1824.7722,1545.6711,2077.2012,Swa295_T
2026-10-05 20:00:00,3,1475.174,1236.9442,1689.364,Swa295_T
2026-10-05 21:00:00,3,1126.331,931.73157,1303.629,Swa295_T
2026-10-05 22:00:00,3,642.50476,483.10645,784.19617,Swa295_T
2026-10-05 23:00:00,3,340.64285,219.02927,455.31406,Swa295_T
2026-10-06 00:00:00,3,179.0083,107.563,247.22156,Swa295_T
2026-10-06 01:00:00,3,93.63458,30.92688,161.3067,Swa295_T
2026-10-06 02:00:00,3,68.811584,9.945558,122.746765,Swa295_T
2026-10-06 03:00:00,3,35.347748,0.0,75.69896,Swa295_T
2026-10-06 04:00:00,3,31.924929,0.0,68.920105,Swa295_T
2026-10-06 05:00:00,3,58.60311,22.846718,79.53589,Swa295_T
2026-10-06 06:00:00,3,122.63426,76.08336,160.0857,Swa295_T
2026-10-06 07:00:00,3,260.66617,195.4737,309.03885,Swa295_T
2026-10-06 08:00:00,3,562.24176,471.20145,643.33374,Swa295_T
2026-10-06 09:00:00,3,642.9169,526.85034,756.8626,Swa295_T
2026-10-06 10:00:00,3,876.9968,737.2789,1021.8684,Swa295_T
2026-10-06 11:00:00,3,1326.2739,1139.3071,1527.0455,Swa295_T
2026-10-06 12:00:00,3,2105.902,1710.8838,2510.0696,Swa295_T
2026-10-06 13:00:00,3,2158.101,1794.6539,2524.176,Swa295_T
2026-10-06 14:00:00,3,2043.1624,1720.6058,2376.4338,Swa295_T
2026-10-06 15:00:00,3,2063.406,1759.7545,2372.5627,Swa295_T
2026-10-06 16:00:00,3,2241.3977,1915.1366,2582.8945,Swa295_T
2026-10-06 17:00:00,3,2440.809,2077.4834,2809.9885,Swa295_T
2026-10-06 18:00:00,3,2241.7327,1928.1543,2555.8015,Swa295_T
2026-10-06 19:00:00,3,1861.1931,1608.5299,2104.7354,Swa295_T
2026-10-06 20:00:00,3,1552.1172,1332.2467,1762.9856,Swa295_T
2026-10-06 21:00:00,3,1149.8363,974.83295,1315.1538,Swa295_T
2026-10-06 22:00:00,3,650.1037,501.0548,791.4876,Swa295_T
2026-10-06 23:00:00,3,360.50815,256.7365,457.03494,Swa295_T
2026-10-07 00:00:00,3,195.67198,106.211464,279.6896,Swa295_T
2026-10-07 01:00:00,3,101.70227,31.977476,162.81691,Swa295_T
2026-10-07 02:00:00,3,67.27554,19.317453,116.27627,Swa295_T
2026-10-07 03:00:00,3,45.81156,6.18819,70.29053,Swa295_T
2026-10-07 04:00:00,3,28.927517,0.0,63.92594,Swa295_T
2026-10-07 05:00:00,3,41.446545,8.8887,59.5521,Swa295_T
2026-10-07 06:00:00,3,140.13847,85.81898,167.3338,Swa295_T
2026-10-07 07:00:00,3,261.34567,202.16386,297.5564,Swa295_T
2026-10-07 08:00:00,3,560.3589,467.96054,631.02936,Swa295_T
2026-10-07 09:00:00,3,636.7703,527.52655,732.4371,Swa295_T
2026-10-07 10:00:00,3,867.609,729.80054,985.3695,Swa295_T
2026-10-07 11:00:00,3,1346.4802,1157.5823,1508.3828,Swa295_T
2026-10-07 12:00:00,3,2172.1958,1816.083,2490.821,Swa295_T
2026-10-07 13:00:00,3,2228.3687,1858.5764,2547.836,Swa295_T
2026-10-07 14:00:00,3,2125.2354,1791.3866,2403.2192,Swa295_T
2026-10-07 15:00:00,3,2163.4988,1821.9641,2451.5945,Swa295_T
2026-10-07 16:00:00,3,2315.124,1939.0186,2630.9753,Swa295_T
2026-10-07 17:00:00,3,2540.989,2111.478,2896.739,Swa295_T
2026-10-07 18:00:00,3,2329.891,1940.8945,2639.5994,Swa295_T
2026-10-07 19:00:00,3,1925.5847,1612.0591,2164.6929,Swa295_T
2026-10-07 20:00:00,3,1618.8446,1347.938,1813.543,Swa295_T
2026-10-07 21:00:00,3,1278.4946,1043.4397,1442.2217,Swa295_T
2026-10-07 22:00:00,3,742.6814,552.8103,876.7892,Swa295_T
2026-10-07 23:00:00,3,405.4779,269.1495,500.1333,Swa295_T
2026-10-08 00:00:00,3,182.9131,97.701065,237.98172,Swa295_T
2026-10-08 01:00:00,3,99.768166,20.827322,154.54965,Swa295_T
2026-10-08 02:00:00,3,56.228073,0.0,106.092606,Swa295_T
2026-10-08 03:00:00,3,54.211304,9.109131,83.492676,Swa295_T
2026-10-08 04:00:00,3,38.855713,0.20141602,63.60376,Swa295_T
2026-10-08 05:00:00,3,59.817486,17.00155,88.602875,Swa295_T
2026-10-08 06:00:00,3,123.96582,73.45714,159.75346,Swa295_T
2026-10-08 07:00:00,3,248.68393,181.53659,309.07175,Swa295_T
2026-10-08 08:00:00,3,538.6574,449.95425,629.0713,Swa295_T
2026-10-08 09:00:00,3,639.28754,516.95795,750.97705,Swa295_T
2026-10-08 10:00:00,3,902.2272,747.9984,1044.597,Swa295_T
2026-10-08 11:00:00,3,1402.6411,1199.9626,1591.6287,Swa295_T
2026-10-08 12:00:00,3,2293.3335,1939.5676,2614.233,Swa295_T
2026-10-08 13:00:00,3,2378.5874,2016.0444,2704.5234,Swa295_T
2026-10-08 14:00:00,3,2272.3179,1915.4163,2585.0874,Swa295_T
2026-10-08 15:00:00,3,2268.5945,1896.8549,2600.387,Swa295_T
2026-10-08 16:00:00,3,2447.728,2050.9695,2805.651,Swa295_T
2026-10-08 17:00:00,3,2697.2622,2283.3054,3073.4644,Swa295_T
2026-10-08 18:00:00,3,2537.6353,2120.5908,2918.3916,Swa295_T
2026-10-08 19:00:00,3,2035.8632,1714.2751,2328.516,Swa295_T
2026-10-08 20:00:00,3,1831.1208,1529.6382,2104.742,Swa295_T
2026-10-08 21:00:00,3,1524.1665,1262.56,1773.5315,Swa295_T
2026-10-08 22:00:00,3,929.56165,737.2252,1111.7527,Swa295_T
2026-10-08 23:00:00,3,587.8179,433.15387,745.17584,Swa295_T
2026-10-09 00:00:00,3,297.8756,184.89404,415.63416,Swa295_T
2026-10-09 01:00:00,3,172.05536,93.22652,258.0255,Swa295_T
2026-10-09 02:00:00,3,106.32488,42.62465,171.45853,Swa295_T
2026-10-09 03:00:00,3,72.38776,30.108545,114.85714,Swa295_T
2026-10-09 04:00:00,3,51.222935,19.784184,75.02635,Swa295_T
2026-10-09 05:00:00,3,51.82102,21.943518,70.24777,Swa295_T
2026-10-09 06:00:00,3,104.95174,65.21299,134.5445,Swa295_T
2026-10-09 07:00:00,3,218.3638,143.84785,274.8133,Swa295_T
2026-10-09 08:00:00,3,445.6557,337.99768,535.64233,Swa295_T
2026-10-09 09:00:00,3,588.70953,457.2175,699.93,Swa295_T
2026-10-09 10:00:00,3,877.23956,701.9558,1038.6698,Swa295_T
2026-10-09 11:00:00,3,1455.1823,1217.7511,1663.6562,Swa295_T
2026-10-09 12:00:00,3,2233.733,1821.2163,2596.7458,Swa295_T
2026-10-09 13:00:00,3,2392.6077,1962.6959,2767.9944,Swa295_T
2026-10-09 14:00:00,3,2415.7844,2011.2859,2769.1228,Swa295_T
2026-10-09 15:00:00,3,2510.8643,2085.942,2876.2415,Swa295_T
2026-10-09 16:00:00,3,2685.7222,2215.4487,3087.3267,Swa295_T
2026-10-09 17:00:00,3,2872.6565,2418.8772,3251.7488,Swa295_T
2026-10-09 18:00:00,3,2863.0112,2445.5322,3208.0403,Swa295_T
2026-10-09 19:00:00,3,2602.2,2170.2935,2971.5486,Swa295_T
2026-10-09 20:00:00,3,2454.3252,2007.1,2851.315,Swa295_T
2026-10-09 21:00:00,3,2236.928,1787.3691,2643.3472,Swa295_T
2026-10-09 22:00:00,3,1686.2736,1346.2977,1993.4932,Swa295_T
2026-10-09 23:00:00,3,1191.3497,937.2549,1422.8861,Swa295_T
2026-10-10 00:00:00,3,679.2213,498.27203,850.9768,Swa295_T
2026-10-10 01:00:00,3,353.01367,251.73123,462.84775,Swa295_T
2026-10-10 02:00:00,3,275.0568,196.16202,354.09863,Swa295_T
2026-10-10 03:00:00,3,184.63348,125.59064,248.61919,Swa295_T
2026-10-10 04:00:00,3,124.55793,71.29827,181.16777,Swa295_T
2026-10-10 05:00:00,3,89.24082,51.132217,129.55742,Swa295_T
2026-10-10 06:00:00,3,97.29711,47.509575,152.81134,Swa295_T
2026-10-10 07:00:00,3,134.88159,75.736534,193.62561,Swa295_T
2026-10-10 08:00:00,3,243.5741,155.93277,340.86557,Swa295_T
2026-10-10 09:00:00,3,449.234,336.22247,577.4325,Swa295_T
2026-10-10 10:00:00,3,804.9343,644.2138,973.1954,Swa295_T
2026-10-10 11:00:00,3,1344.6755,1120.4463,1576.5894,Swa295_T
2026-10-10 12:00:00,3,2000.426,1604.5294,2384.758,Swa295_T
2026-10-10 13:00:00,3,2595.1062,2143.713,3020.393,Swa295_T
2026-10-10 14:00:00,3,2848.277,2412.8599,3256.998,Swa295_T
2026-10-10 15:00:00,3,3003.7913,2539.0327,3441.5132,Swa295_T
2026-10-10 16:00:00,3,2986.0527,2539.4043,3423.798,Swa295_T
2026-10-10 17:00:00,3,2953.0093,2510.5083,3374.1677,Swa295_T
2026-10-10 18:00:00,3,2906.9353,2432.001,3356.2573,Swa295_T
2026-10-10 19:00:00,3,2843.022,2404.6016,3245.6924,Swa295_T
2026-10-10 20:00:00,3,2517.5503,2048.106,2956.4216,Swa295_T
2026-10-10 21:00:00,3,2044.8583,1638.032,2439.4072,Swa295_T
2026-10-10 22:00:00,3,1443.2662,1153.7222,1724.321,Swa295_T
2026-10-10 23:00:00,3,1098.3522,861.2368,1334.4985,Swa295_T
2026-10-11 00:00:00,3,642.692,484.13263,812.10706,Swa295_T
2026-10-11 01:00:00,3,379.62976,302.318,469.8343,Swa295_T
2026-10-11 02:00:00,3,280.66412,191.74158,393.56464,Swa295_T
2026-10-11 03:00:00,3,202.47455,126.200806,289.5064,Swa295_T
2026-10-04 04:00:00,62,31.556122,19.080292,45.09961,Lat224_T
2026-10-04 05:00:00,62,24.2547,11.395905,36.310318,Lat224_T
2026-10-04 06:00:00,62,26.606049,13.806,38.75847,Lat224_T
2026-10-04 07:00:00,62,37.29245,21.826477,52.606995,Lat224_T
2026-10-04 08:00:00,62,65.35315,42.70732,87.70868,Lat224_T
2026-10-04 09:00:00,62,116.94026,85.016815,149.41519,Lat224_T
2026-10-04 10:00:00,62,213.77277,171.6857,257.77725,Lat224_T
2026-10-04 11:00:00,62,307.0541,251.79013,363.59167,Lat224_T
2026-10-04 12:00:00,62,434.85803,357.23254,513.1609,Lat224_T
2026-10-04 13:00:00,62,526.3513,431.7873,623.01807,Lat224_T
2026-10-04 14:00:00,62,543.41833,451.46347,639.08875,Lat224_T
2026-10-04 15:00:00,62,550.3251,458.39624,646.431,Lat224_T
2026-10-04 16:00:00,62,537.98645,447.8059,633.3364,Lat224_T
2026-10-04 17:00:00,62,531.24097,440.04013,628.10455,Lat224_T
2026-10-04 18:00:00,62,508.66904,420.2082,602.95825,Lat224_T
2026-10-04 19:00:00,62,456.08646,372.81256,543.447,Lat224_T
2026-10-04 20:00:00,62,391.61816,319.2389,466.548,Lat224_T
2026-10-04 21:00:00,62,337.1313,273.58435,406.07794,Lat224_T
2026-10-04 22:00:00,62,271.8129,215.63138,330.49823,Lat224_T
2026-10-04 23:00:00,62,162.65523,117.715256,211.52681,Lat224_T
2026-10-05 00:00:00,62,94.039825,64.355545,128.04713,Lat224_T
2026-10-05 01:00:00,62,55.762207,33.9915,80.58414,Lat224_T
2026-10-05 02:00:00,62,38.68341,22.289429,56.833908,Lat224_T
2026-10-05 03:00:00,62,26.057343,15.496613,39.568176,Lat224_T
2026-10-05 04:00:00,62,19.559692,11.513519,28.721863,Lat224_T
2026-10-05 05:00:00,62,25.607727,18.882355,32.00473,Lat224_T
2026-10-05 06:00:00,62,45.293396,34.450348,56.82054,Lat224_T
2026-10-05 07:00:00,62,71.968155,55.443924,88.07541,Lat224_T
2026-10-05 08:00:00,62,156.88554,129.30696,183.97379,Lat224_T
2026-10-05 09:00:00,62,173.91605,142.49677,205.70102,Lat224_T
2026-10-05 10:00:00,62,224.7894,185.7005,265.47937,Lat224_T
2026-10-05 11:00:00,62,277.8991,228.42522,327.7148,Lat224_T
2026-10-05 12:00:00,62,404.49988,332.02905,475.18396,Lat224_T
2026-10-05 13:00:00,62,445.98633,361.36725,527.1582,Lat224_T
2026-10-05 14:00:00,62,441.70267,355.1047,524.7169,Lat224_T
2026-10-05 15:00:00,62,449.3842,368.66714,526.5245,Lat224_T
2026-10-05 16:00:00,62,507.22348,421.42523,589.8407,Lat224_T
2026-10-05 17:00:00,62,614.2608,515.1804,707.5924,Lat224_T
2026-10-05 18:00:00,62,564.3617,470.38116,652.9457,Lat224_T
2026-10-05 19:00:00,62,485.12933,406.8826,560.95935,Lat224_T
2026-10-05 20:00:00,62,422.6804,354.29477,489.0042,Lat224_T
2026-10-05 21:00:00,62,358.9121,300.45276,416.55426,Lat224_T
2026-10-05 22:00:00,62,270.4881,222.49377,318.16458,Lat224_T
2026-10-05 23:00:00,62,167.28583,128.85248,206.502,Lat224_T
2026-10-06 00:00:00,62,88.15613,65.59785,114.15401,Lat224_T
2026-10-06 01:00:00,62,49.011158,31.51624,71.39154,Lat224_T
2026-10-06 02:00:00,62,30.329796,17.130573,45.733765,Lat224_T
2026-10-06 03:00:00,62,18.837635,9.337926,31.31413,Lat224_T
2026-10-06 04:00:00,62,16.31519,6.841821,28.10279,Lat224_T
2026-10-06 05:00:00,62,19.186562,12.847506,25.57719,Lat224_T
2026-10-06 06:00:00,62,46.94259,35.305458,59.757355,Lat224_T
2026-10-06 07:00:00,62,69.040825,54.464184,83.30504,Lat224_T
2026-10-06 08:00:00,62,161.16525,138.01962,185.99194,Lat224_T
2026-10-06 09:00:00,62,172.0036,142.29726,205.0354,Lat224_T
2026-10-06 10:00:00,62,228.92496,193.99823,267.9391,Lat224_T
2026-10-06 11:00:00,62,286.63727,243.65768,335.46634,Lat224_T
2026-10-06 12:00:00,62,425.72705,352.71198,503.023,Lat224_T
2026-10-06 13:00:00,62,448.03986,375.8637,523.14844,Lat224_T
2026-10-06 14:00:00,62,434.15997,370.44135,500.14444,Lat224_T
2026-10-06 15:00:00,62,449.44403,383.7523,516.16486,Lat224_T
2026-10-06 16:00:00,62,521.5955,446.35883,599.0775,Lat224_T
2026-10-06 17:00:00,62,624.0844,541.3901,705.85486,Lat224_T
2026-10-06 18:00:00,62,600.52264,505.84567,692.9327,Lat224_T
2026-10-06 19:00:00,62,515.86505,433.56403,596.0907,Lat224_T
2026-10-06 20:00:00,62,450.31378,383.50565,516.7633,Lat224_T
2026-10-06 21:00:00,62,375.1368,314.13892,437.17484,Lat224_T
2026-10-06 22:00:00,62,270.24255,221.57262,320.31613,Lat224_T
2026-10-06 23:00:00,62,167.4868,126.12627,211.34442,Lat224_T
2026-10-07 00:00:00,62,94.69491,63.910397,128.50714,Lat224_T
2026-10-07 01:00:00,62,53.68751,32.74419,76.94508,Lat224_T
2026-10-07 02:00:00,62,31.825756,16.437452,50.24526,Lat224_T
2026-10-07 03:00:00,62,21.850882,10.184704,32.855377,Lat224_T
2026-10-07 04:00:00,62,18.824757,7.170209,29.13258,Lat224_T
2026-10-07 05:00:00,62,20.444033,11.49656,28.89127,Lat224_T
2026-10-07 06:00:00,62,46.90985,32.150604,58.78255,Lat224_T
2026-10-07 07:00:00,62,69.42232,53.4338,83.81798,Lat224_T
2026-10-07 08:00:00,62,159.90282,135.57672,183.33401,Lat224_T
2026-10-07 09:00:00,62,175.34705,146.6308,204.80748,Lat224_T
2026-10-07 10:00:00,62,223.85986,189.61276,258.52017,Lat224_T
2026-10-07 11:00:00,62,286.0045,241.12517,329.474,Lat224_T
2026-10-07 12:00:00,62,413.43396,344.0982,479.9725,Lat224_T
2026-10-07 13:00:00,62,448.38458,370.39478,520.7359,Lat224_T
2026-10-07 14:00:00,62,440.299,363.0326,510.93378,Lat224_T
2026-10-07 15:00:00,62,460.86316,378.94586,535.81726,Lat224_T
2026-10-07 16:00:00,62,535.3081,434.83047,627.93066,Lat224_T
2026-10-07 17:00:00,62,628.5661,515.2345,730.71216,Lat224_T
2026-10-07 18:00:00,62,616.06067,506.94,712.1873,Lat224_T
2026-10-07 19:00:00,62,525.79095,426.79465,612.9967,Lat224_T
2026-10-07 20:00:00,62,464.1766,366.2694,549.778,Lat224_T
2026-10-07 21:00:00,62,412.37622,325.34998,488.16443,Lat224_T
2026-10-07 22:00:00,62,305.38412,237.98903,366.9301,Lat224_T
2026-10-07 23:00:00,62,188.93182,137.873,236.74414,Lat224_T
2026-10-08 00:00:00,62,99.8348,66.64343,131.92427,Lat224_T
2026-10-08 01:00:00,62,55.376034,30.593546,79.98938,Lat224_T
2026-10-08 02:00:00,62,30.319033,13.223787,49.85797,Lat224_T
2026-10-08 03:00:00,62,23.196869,10.692291,36.359344,Lat224_T
2026-10-08 04:00:00,62,16.444702,6.1945496,27.683655,Lat224_T
2026-10-08 05:00:00,62,23.232698,16.474634,29.693485,Lat224_T
2026-10-08 06:00:00,62,48.666542,34.999325,62.035934,Lat224_T
2026-10-08 07:00:00,62,68.469215,52.131153,86.22624,Lat224_T
2026-10-08 08:00:00,62,158.71672,133.44913,185.9223,Lat224_T
2026-10-08 09:00:00,62,175.23102,141.68835,207.47961,Lat224_T
2026-10-08 10:00:00,62,229.61598,188.42157,269.35843,Lat224_T
2026-10-08 11:00:00,62,285.8985,236.0835,335.40906,Lat224_T
2026-10-08 12:00:00,62,425.0797,348.44464,498.9265,Lat224_T
2026-10-08 13:00:00,62,461.85156,381.2209,540.1096,Lat224_T
2026-10-08 14:00:00,62,443.1219,369.06586,513.6666,Lat224_T
2026-10-08 15:00:00,62,458.9899,382.03174,533.511,Lat224_T
2026-10-08 16:00:00,62,528.0237,439.68,613.0632,Lat224_T
2026-10-08 17:00:00,62,632.38965,532.03894,727.4087,Lat224_T
2026-10-08 18:00:00,62,620.1835,516.92,717.6945,Lat224_T
2026-10-08 19:00:00,62,527.0106,433.41986,615.8117,Lat224_T
2026-10-08 20:00:00,62,474.73242,388.57355,556.374,Lat224_T
2026-10-08 21:00:00,62,415.89825,336.73438,494.6156,Lat224_T
2026-10-08 22:00:00,62,320.69604,256.46686,384.46686,Lat224_T
2026-10-08 23:00:00,62,207.74582,158.93536,257.8128,Lat224_T
2026-10-09 00:00:00,62,111.24925,76.10226,148.0123,Lat224_T
2026-10-09 01:00:00,62,67.575325,42.51299,93.9558,Lat224_T
2026-10-09 02:00:00,62,39.947887,20.204433,60.038193,Lat224_T
2026-10-09 03:00:00,62,28.624577,15.201358,42.300186,Lat224_T
2026-10-09 04:00:00,62,17.641075,7.2932725,26.553944,Lat224_T
2026-10-09 05:00:00,62,20.982906,12.37756,27.109644,Lat224_T
2026-10-09 06:00:00,62,39.397755,27.335487,49.525364,Lat224_T
2026-10-09 07:00:00,62,66.10768,47.02162,82.38106,Lat224_T
2026-10-09 08:00:00,62,135.85448,107.81995,160.50731,Lat224_T
2026-10-09 09:00:00,62,165.37762,130.27176,196.22086,Lat224_T
2026-10-09 10:00:00,62,227.00906,182.64627,268.88733,Lat224_T
2026-10-09 11:00:00,62,308.83948,252.81532,360.715,Lat224_T
2026-10-09 12:00:00,62,442.9242,358.66614,520.828,Lat224_T
2026-10-09 13:00:00,62,481.12787,388.58743,566.54675,Lat224_T
2026-10-09 14:00:00,62,480.96954,393.2083,563.0406,Lat224_T
2026-10-09 15:00:00,62,499.00787,409.24792,581.67957,Lat224_T
2026-10-09 16:00:00,62,575.9333,472.34985,669.72797,Lat224_T
2026-10-09 17:00:00,62,657.48474,550.5349,752.955,Lat224_T
2026-10-09 18:00:00,62,641.81384,545.90155,726.95685,Lat224_T
2026-10-09 19:00:00,62,575.52014,478.2642,665.374,Lat224_T
2026-10-09 20:00:00,62,520.74365,429.66302,605.29926,Lat224_T
2026-10-09 21:00:00,62,471.0839,386.44003,550.48395,Lat224_T
2026-10-09 22:00:00,62,389.95456,315.60687,460.48566,Lat224_T
2026-10-09 23:00:00,62,275.42822,219.61542,328.60275,Lat224_T
2026-10-10 00:00:00,62,161.54236,120.937996,202.49698,Lat224_T
2026-10-10 01:00:00,62,99.28241,71.03163,130.99283,Lat224_T
2026-10-10 02:00:00,62,79.86655,54.92431,105.79159,Lat224_T
2026-10-10 03:00:00,62,51.30591,34.42897,69.834755,Lat224_T
2026-10-10 04:00:00,62,37.063175,23.668652,51.994907,Lat224_T
2026-10-10 05:00:00,62,26.006786,18.459272,35.429653,Lat224_T
2026-10-10 06:00:00,62,34.876877,21.475918,51.492737,Lat224_T
2026-10-10 07:00:00,62,47.85523,31.267998,66.147865,Lat224_T
2026-10-10 08:00:00,62,75.35182,51.04869,103.08842,Lat224_T
2026-10-10 09:00:00,62,126.53989,94.495735,162.91368,Lat224_T
2026-10-10 10:00:00,62,210.97214,169.6724,255.48419,Lat224_T
2026-10-10 11:00:00,62,307.48212,254.14728,364.6176,Lat224_T
2026-10-10 12:00:00,62,443.98682,363.41785,525.4204,Lat224_T
2026-10-10 13:00:00,62,524.66394,429.82626,619.211,Lat224_T
2026-10-10 14:00:00,62,570.1704,466.95056,672.76245,Lat224_T
2026-10-10 15:00:00,62,602.9315,499.23297,705.4503,Lat224_T
2026-10-10 16:00:00,62,618.15466,515.65784,723.4667,Lat224_T
2026-10-10 17:00:00,62,614.48175,510.54926,718.7948,Lat224_T
2026-10-10 18:00:00,62,621.1161,512.24756,728.8037,Lat224_T
2026-10-10 19:00:00,62,569.70703,469.72815,666.66034,Lat224_T
2026-10-10 20:00:00,62,489.88165,404.35022,574.11414,Lat224_T
2026-10-10 21:00:00,62,428.40634,347.49472,510.31598,Lat224_T
2026-10-10 22:00:00,62,341.76575,275.25815,408.83252,Lat224_T
2026-10-10 23:00:00,62,264.4099,208.54181,322.58975,Lat224_T
2026-10-11 00:00:00,62,158.43753,118.31331,202.63297,Lat224_T
2026-10-11 01:00:00,62,96.23598,71.6927,125.19701,Lat224_T
2026-10-11 02:00:00,62,67.105316,44.269028,95.61896,Lat224_T
2026-10-11 03:00:00,62,45.984024,27.408722,67.02765,Lat224_T
2026-10-04 04:00:00,209,47.47162,25.177551,74.821594,FliS_T
2026-10-04 05:00:00,209,40.50299,16.538147,69.517944,FliS_T
2026-10-04 06:00:00,209,48.49884,19.162842,83.67236,FliS_T
2026-10-04 07:00:00,209,90.99768,47.977478,142.96674,FliS_T
2026-10-04 08:00:00,209,197.24973,128.46765,272.75314,FliS_T
2026-10-04 09:00:00,209,417.38382,298.7868,548.3123,FliS_T
2026-10-04 10:00:00,209,672.9908,508.82147,854.6986,FliS_T
2026-10-04 11:00:00,209,849.64087,655.20306,1057.5239,FliS_T
2026-10-04 12:00:00,209,977.93823,758.17096,1200.6667,FliS_T
2026-10-04 13:00:00,209,1071.6654,821.6241,1315.1671,FliS_T
2026-10-04 14:00:00,209,1158.1932,877.2358,1429.5309,FliS_T
2026-10-04 15:00:00,209,1187.2701,886.8049,1469.092,FliS_T
2026-10-04 16:00:00,209,1110.3523,830.7275,1371.936,FliS_T
2026-10-04 17:00:00,209,1036.8021,757.0299,1297.9987,FliS_T
2026-10-04 18:00:00,209,903.4013,659.8132,1128.5608,FliS_T
2026-10-04 19:00:00,209,745.4908,548.1729,929.359,FliS_T
2026-10-04 20:00:00,209,622.0057,467.60706,772.30164,FliS_T
2026-10-04 21:00:00,209,504.0034,376.25433,635.7649,FliS_T
2026-10-04 22:00:00,209,327.41006,226.86856,427.37457,FliS_T
2026-10-04 23:00:00,209,177.51147,109.16431,247.79492,FliS_T
2026-10-05 00:00:00,209,83.50409,37.6568,132.50275,FliS_T
2026-10-05 01:00:00,209,49.736206,18.418701,82.955444,FliS_T
2026-10-05 02:00:00,209,24.348389,6.143738,44.919006,FliS_T
2026-10-05 03:00:00,209,14.932739,3.5598145,32.108948,FliS_T
2026-10-05 04:00:00,209,0.0,0.0,12.419434,FliS_T
2026-10-05 05:00:00,209,33.182434,30.559265,38.587524,FliS_T
2026-10-05 06:00:00,209,124.868286,100.1402,161.18604,FliS_T
2026-10-05 07:00:00,209,362.91342,298.55557,443.0008,FliS_T
2026-10-05 08:00:00,209,862.93774,702.9622,1033.4802,FliS_T
2026-10-05 09:00:00,209,578.1862,476.5052,685.9284,FliS_T
2026-10-05 10:00:00,209,526.28754,423.1012,634.9009,FliS_T
2026-10-05 11:00:00,209,658.58636,531.1053,787.72107,FliS_T
2026-10-05 12:00:00,209,1100.428,842.1947,1348.9875,FliS_T
2026-10-05 13:00:00,209,1062.0746,818.65857,1300.8268,FliS_T
2026-10-05 14:00:00,209,827.92126,637.5177,1021.6081,FliS_T
2026-10-05 15:00:00,209,843.80054,664.4149,1027.2869,FliS_T
2026-10-05 16:00:00,209,986.84546,785.6451,1192.9922,FliS_T
2026-10-05 17:00:00,209,1321.9705,1078.0161,1566.4744,FliS_T
2026-10-05 18:00:00,209,967.5569,787.6377,1151.5825,FliS_T
2026-10-05 19:00:00,209,703.6571,572.88654,845.6799,FliS_T
2026-10-05 20:00:00,209,575.66595,464.4568,695.9969,FliS_T
2026-10-05 21:00:00,209,463.85718,373.85977,563.45917,FliS_T
2026-10-05 22:00:00,209,290.0536,214.30049,369.90503,FliS_T
2026-10-05 23:00:00,209,141.5559,87.94578,198.9014,FliS_T
2026-10-06 00:00:00,209,60.08982,31.827776,91.95795,FliS_T
2026-10-06 01:00:00,209,23.131533,5.279315,45.44915,FliS_T
2026-10-06 02:00:00,209,5.321171,0.0,24.045485,FliS_T
2026-10-06 03:00:00,209,0.0,0.0,4.278433,FliS_T
2026-10-06 04:00:00,209,0.0,0.0,7.9001637,FliS_T
2026-10-06 05:00:00,209,27.050667,24.040106,28.901283,FliS_T
2026-10-06 06:00:00,209,125.531235,91.70146,164.12787,FliS_T
2026-10-06 07:00:00,209,404.7884,333.57007,479.3457,FliS_T
2026-10-06 08:00:00,209,1055.6622,879.9014,1239.1772,FliS_T
2026-10-06 09:00:00,209,628.3828,528.9671,737.38855,FliS_T
2026-10-06 10:00:00,209,534.4291,433.8931,642.38586,FliS_T
2026-10-06 11:00:00,209,672.64404,550.4619,804.76624,FliS_T
2026-10-06 12:00:00,209,1152.7073,901.01105,1413.4558,FliS_T
2026-10-06 13:00:00,209,1122.1565,897.6747,1351.8433,FliS_T
2026-10-06 14:00:00,209,819.89355,653.97784,999.28925,FliS_T
2026-10-06 15:00:00,209,835.77966,678.7512,999.3231,FliS_T
2026-10-06 16:00:00,209,1024.1783,849.4113,1211.2198,FliS_T
2026-10-06 17:00:00,209,1446.6643,1232.2388,1667.9982,FliS_T
2026-10-06 18:00:00,209,1006.9548,836.74896,1186.2168,FliS_T
2026-10-06 19:00:00,209,729.3734,602.9064,867.22266,FliS_T
2026-10-06 20:00:00,209,593.7773,485.52423,714.9426,FliS_T
2026-10-06 21:00:00,209,477.12247,391.76907,575.1248,FliS_T
2026-10-06 22:00:00,209,305.6173,233.06035,385.241,FliS_T
2026-10-06 23:00:00,209,153.1832,105.961395,206.05072,FliS_T
2026-10-07 00:00:00,209,77.00324,43.03118,115.16676,FliS_T
2026-10-07 01:00:00,209,32.757397,5.320098,59.66365,FliS_T
2026-10-07 02:00:00,209,10.537535,0.0,25.184666,FliS_T
2026-10-07 03:00:00,209,8.930584,0.38089088,14.004557,FliS_T
2026-10-07 04:00:00,209,15.902908,5.4583173,23.29602,FliS_T
2026-10-07 05:00:00,209,35.3304,17.626633,54.40069,FliS_T
2026-10-07 06:00:00,209,154.61847,119.16762,186.78384,FliS_T
2026-10-07 07:00:00,209,420.65207,343.16278,502.18622,FliS_T
2026-10-07 08:00:00,209,1051.1613,859.56934,1239.5609,FliS_T
2026-10-07 09:00:00,209,624.15985,525.2915,730.46375,FliS_T
2026-10-07 10:00:00,209,535.15247,431.30334,643.12463,FliS_T
2026-10-07 11:00:00,209,660.14795,528.00665,795.1123,FliS_T
2026-10-07 12:00:00,209,1146.6663,904.4769,1389.9526,FliS_T
2026-10-07 13:00:00,209,1121.902,868.234,1374.6401,FliS_T
2026-10-07 14:00:00,209,827.7016,630.5644,1023.4232,FliS_T
2026-10-07 15:00:00,209,855.2495,659.2938,1054.0581,FliS_T
2026-10-07 16:00:00,209,1049.8035,809.13135,1293.3275,FliS_T
2026-10-07 17:00:00,209,1462.6764,1161.979,1759.2605,FliS_T
2026-10-07 18:00:00,209,1061.9402,834.2544,1286.6316,FliS_T
2026-10-07 19:00:00,209,782.61755,622.8356,942.7922,FliS_T
2026-10-07 20:00:00,209,643.6665,496.716,785.69604,FliS_T
2026-10-07 21:00:00,209,531.6625,402.75513,653.7717,FliS_T
2026-10-07 22:00:00,209,357.17792,257.93994,450.90094,FliS_T
2026-10-07 23:00:00,209,185.14474,119.490395,245.66681,FliS_T
2026-10-08 00:00:00,209,68.42981,28.687449,103.579575,FliS_T
2026-10-08 01:00:00,209,30.17374,2.9170158,53.50037,FliS_T
2026-10-08 02:00:00,209,15.975206,0.0,32.533882,FliS_T
2026-10-08 03:00:00,209,19.398987,6.1553955,25.33728,FliS_T
2026-10-08 04:00:00,209,12.638977,0.0,26.452515,FliS_T
2026-10-08 05:00:00,209,47.69314,41.209274,55.225418,FliS_T
2026-10-08 06:00:00,209,148.52022,101.79054,190.67668,FliS_T
2026-10-08 07:00:00,209,413.0134,311.6404,508.01553,FliS_T
2026-10-08 08:00:00,209,1047.6602,795.36395,1290.5059,FliS_T
2026-10-08 09:00:00,209,660.5346,510.33194,803.94257,FliS_T
2026-10-08 10:00:00,209,569.66516,439.7223,693.9926,FliS_T
2026-10-08 11:00:00,209,709.4333,560.74756,857.5578,FliS_T
2026-10-08 12:00:00,209,1205.4218,948.4293,1455.3755,FliS_T
2026-10-08 13:00:00,209,1179.1129,926.95874,1426.6279,FliS_T
2026-10-08 14:00:00,209,895.9514,715.0378,1073.4916,FliS_T
2026-10-08 15:00:00,209,915.0187,737.927,1097.3132,FliS_T
2026-10-08 16:00:00,209,1096.2158,895.3945,1310.7465,FliS_T
2026-10-08 17:00:00,209,1536.0643,1294.8381,1790.1912,FliS_T
2026-10-08 18:00:00,209,1181.2977,959.9497,1420.6226,FliS_T
2026-10-08 19:00:00,209,840.7503,692.8177,1008.69495,FliS_T
2026-10-08 20:00:00,209,709.8391,578.4192,855.3858,FliS_T
2026-10-08 21:00:00,209,607.22656,493.10663,735.85675,FliS_T
2026-10-08 22:00:00,209,419.398,328.63742,519.8364,FliS_T
2026-10-08 23:00:00,209,233.71857,170.57869,308.89816,FliS_T
2026-10-09 00:00:00,209,100.48194,58.42402,148.96033,FliS_T
2026-10-09 01:00:00,209,48.46714,26.752796,77.387085,FliS_T
2026-10-09 02:00:00,209,23.114223,7.686433,43.490402,FliS_T
2026-10-09 03:00:00,209,21.900558,12.228321,33.700523,FliS_T
2026-10-09 04:00:00,209,6.014493,0.0,16.834318,FliS_T
2026-10-09 05:00:00,209,35.264168,31.42176,37.532608,FliS_T
2026-10-09 06:00:00,209,116.90665,84.58707,155.36765,FliS_T
2026-10-09 07:00:00,209,334.65396,253.31955,425.82996,FliS_T
2026-10-09 08:00:00,209,784.8264,611.8978,972.0325,FliS_T
2026-10-09 09:00:00,209,615.32153,491.3711,749.3564,FliS_T
2026-10-09 10:00:00,209,584.0072,459.79224,724.8487,FliS_T
2026-10-09 11:00:00,209,761.17316,614.8238,919.777,FliS_T
2026-10-09 12:00:00,209,1119.2722,886.8468,1355.2981,FliS_T
2026-10-09 13:00:00,209,1179.8066,928.28357,1436.045,FliS_T
2026-10-09 14:00:00,209,1066.1986,839.67365,1298.237,FliS_T
2026-10-09 15:00:00,209,1087.8403,850.745,1325.5938,FliS_T
2026-10-09 16:00:00,209,1268.5417,983.8941,1546.4667,FliS_T
2026-10-09 17:00:00,209,1532.9572,1239.3229,1812.432,FliS_T
2026-10-09 18:00:00,209,1376.7916,1098.6707,1643.457,FliS_T
2026-10-09 19:00:00,209,1126.752,885.32855,1365.4113,FliS_T
2026-10-09 20:00:00,209,1046.4264,813.85284,1279.1141,FliS_T
2026-10-09 21:00:00,209,946.8481,729.09735,1167.0673,FliS_T
2026-10-09 22:00:00,209,762.3023,582.73376,943.21985,FliS_T
2026-10-09 23:00:00,209,477.41513,362.04315,593.7842,FliS_T
2026-10-10 00:00:00,209,269.33963,199.01208,345.42828,FliS_T
2026-10-10 01:00:00,209,146.78554,107.77725,194.21927,FliS_T
2026-10-10 02:00:00,209,75.167984,54.668655,100.089455,FliS_T
2026-10-10 03:00:00,209,45.206898,26.593918,67.45164,FliS_T
2026-10-10 04:00:00,209,28.906517,8.860736,54.225445,FliS_T
2026-10-10 05:00:00,209,34.353012,23.25142,52.941795,FliS_T
2026-10-10 06:00:00,209,55.685135,22.179283,102.443474,FliS_T
2026-10-10 07:00:00,209,143.39612,94.538376,203.66245,FliS_T
2026-10-10 08:00:00,209,324.65125,238.69489,422.91534,FliS_T
2026-10-10 09:00:00,209,543.6147,420.45993,677.838,FliS_T
2026-10-10 10:00:00,209,742.3707,576.0327,913.7707,FliS_T
2026-10-10 11:00:00,209,928.07825,728.8975,1133.0989,FliS_T
2026-10-10 12:00:00,209,1047.5864,817.5798,1278.5542,FliS_T
2026-10-10 13:00:00,209,1183.6085,919.99243,1449.8265,FliS_T
2026-10-10 14:00:00,209,1333.0807,1029.6241,1640.1024,FliS_T
2026-10-10 15:00:00,209,1396.0857,1093.3024,1705.1492,FliS_T
2026-10-10 16:00:00,209,1406.9393,1114.3159,1722.6226,FliS_T
2026-10-10 17:00:00,209,1440.3585,1132.9102,1770.8662,FliS_T
2026-10-10 18:00:00,209,1393.4274,1060.3813,1754.9434,FliS_T
2026-10-10 19:00:00,209,1249.877,949.9737,1584.6553,FliS_T
2026-10-10 20:00:00,209,1107.3438,825.14844,1426.2317,FliS_T
2026-10-10 21:00:00,209,950.98596,694.6422,1249.0498,FliS_T
2026-10-10 22:00:00,209,778.27594,542.29047,1044.8186,FliS_T
2026-10-10 23:00:00,209,571.7252,407.94434,768.4365,FliS_T
2026-10-11 00:00:00,209,315.0465,234.30167,426.64697,FliS_T
2026-10-11 01:00:00,209,165.95618,133.16351,223.47934,FliS_T
2026-10-11 02:00:00,209,89.193726,57.353394,144.38043,FliS_T
2026-10-11 03:00:00,209,62.06372,40.737,99.76593,FliS_T
2026-10-04 04:00:00,35,19.268188,0.0,73.92432,SouthB_T
2026-10-04 05:00:00,35,41.346558,0.0,105.664185,SouthB_T
2026-10-04 06:00:00,35,130.59814,38.285156,236.26721,SouthB_T
2026-10-04 07:00:00,35,332.58716,187.19482,500.0105,SouthB_T
2026-10-04 08:00:00,35,675.84753,354.39307,998.5582,SouthB_T
2026-10-04 09:00:00,35,1058.6556,555.7001,1537.1399,SouthB_T
2026-10-04 10:00:00,35,1457.8467,808.81995,2043.9247,SouthB_T
2026-10-04 11:00:00,35,1717.5005,928.3796,2338.468,SouthB_T
2026-10-04 12:00:00,35,1987.6132,1070.0238,2671.9949,SouthB_T
2026-10-04 13:00:00,35,2145.1162,1109.4866,2902.1938,SouthB_T
2026-10-04 14:00:00,35,2281.9128,1230.9033,3083.5615,SouthB_T
2026-10-04 15:00:00,35,2374.8472,1309.8549,3225.1704,SouthB_T
2026-10-04 16:00:00,35,2271.511,1256.2507,3118.3674,SouthB_T
2026-10-04 17:00:00,35,2080.4746,1065.267,2988.231,SouthB_T
2026-10-04 18:00:00,35,1498.6039,724.27423,2201.91,SouthB_T
2026-10-04 19:00:00,35,903.14343,401.25513,1362.6908,SouthB_T
2026-10-04 20:00:00,35,599.7177,230.56262,969.82306,SouthB_T
2026-10-04 21:00:00,35,469.9953,214.6289,754.06116,SouthB_T
2026-10-04 22:00:00,35,290.9416,94.62866,500.26965,SouthB_T
2026-10-04 23:00:00,35,161.72192,33.469116,311.78473,SouthB_T
2026-10-05 00:00:00,35,75.49536,0.0,174.21375,SouthB_T
2026-10-05 01:00:00,35,53.62854,0.0,119.464355,SouthB_T
2026-10-05 02:00:00,35,36.54724,0.0,78.70337,SouthB_T
2026-10-05 03:00:00,35,25.495483,0.0,61.06604,SouthB_T
2026-10-05 04:00:00,35,0.0,0.0,29.179443,SouthB_T
2026-10-05 05:00:00,35,74.32898,0.0,95.3479,SouthB_T
2026-10-05 06:00:00,35,335.74054,91.394775,443.20758,SouthB_T
2026-10-05 07:00:00,35,932.5601,452.7094,1228.0142,SouthB_T
2026-10-05 08:00:00,35,1856.3438,1137.1301,2366.753,SouthB_T
2026-10-05 09:00:00,35,1156.5724,582.25903,1561.9698,SouthB_T
2026-10-05 10:00:00,35,958.88367,523.6153,1276.3698,SouthB_T
2026-10-05 11:00:00,35,1187.3945,631.60077,1645.3916,SouthB_T
2026-10-05 12:00:00,35,2162.9053,1305.358,2926.2715,SouthB_T
2026-10-05 13:00:00,35,2139.9026,1352.8689,2880.1807,SouthB_T
2026-10-05 14:00:00,35,1629.0157,984.6429,2263.566,SouthB_T
2026-10-05 15:00:00,35,1729.3605,1103.5032,2353.0537,SouthB_T
2026-10-05 16:00:00,35,2103.698,1356.6514,2836.9155,SouthB_T
2026-10-05 17:00:00,35,2841.5693,2058.4583,3601.3228,SouthB_T
2026-10-05 18:00:00,35,1743.5844,1150.1027,2335.3984,SouthB_T
2026-10-05 19:00:00,35,776.8111,438.9345,1150.7178,SouthB_T
2026-10-05 20:00:00,35,528.79736,284.16962,816.115,SouthB_T
2026-10-05 21:00:00,35,379.98294,183.97655,623.9801,SouthB_T
2026-10-05 22:00:00,35,258.1281,111.81435,436.58746,SouthB_T
2026-10-05 23:00:00,35,127.72409,22.377853,254.90741,SouthB_T
2026-10-06 00:00:00,35,20.049416,0.0,107.60494,SouthB_T
2026-10-06 01:00:00,35,0.0,0.0,47.693016,SouthB_T
2026-10-06 02:00:00,35,0.0,0.0,56.33475,SouthB_T
2026-10-06 03:00:00,35,0.0,0.0,27.713156,SouthB_T
2026-10-06 04:00:00,35,0.0,0.0,46.59258,SouthB_T
2026-10-06 05:00:00,35,66.81842,16.329565,110.76199,SouthB_T
2026-10-06 06:00:00,35,491.3755,334.95996,653.564,SouthB_T
2026-10-06 07:00:00,35,1171.3656,812.8356,1528.7095,SouthB_T
2026-10-06 08:00:00,35,2353.2258,1747.3574,2959.871,SouthB_T
2026-10-06 09:00:00,35,1322.6831,947.497,1691.935,SouthB_T
2026-10-06 10:00:00,35,1059.7856,728.3725,1373.6066,SouthB_T
2026-10-06 11:00:00,35,1270.9808,880.19495,1646.4781,SouthB_T
2026-10-06 12:00:00,35,2360.507,1595.369,3103.3196,SouthB_T
2026-10-06 13:00:00,35,2244.4045,1585.9331,2878.3628,SouthB_T
2026-10-06 14:00:00,35,1660.7688,1152.7098,2161.7834,SouthB_T
2026-10-06 15:00:00,35,1763.8052,1248.5219,2265.2454,SouthB_T
2026-10-06 16:00:00,35,2221.539,1618.2521,2835.526,SouthB_T
2026-10-06 17:00:00,35,3050.3105,2383.8726,3724.6396,SouthB_T
2026-10-06 18:00:00,35,1887.7239,1292.1499,2494.162,SouthB_T
2026-10-06 19:00:00,35,894.7595,580.28534,1244.2595,SouthB_T
2026-10-06 20:00:00,35,610.8632,374.18207,893.2411,SouthB_T
2026-10-06 21:00:00,35,458.2173,267.47327,688.2101,SouthB_T
2026-10-06 22:00:00,35,296.83875,153.5651,467.10596,SouthB_T
2026-10-06 23:00:00,35,143.94545,48.49894,260.01212,SouthB_T
2026-10-07 00:00:00,35,44.632927,0.0,124.30044,SouthB_T
2026-10-07 01:00:00,35,5.800652,0.0,62.701412,SouthB_T
2026-10-07 02:00:00,35,0.0,0.0,28.146807,SouthB_T
2026-10-07 03:00:00,35,9.852573,0.0,36.582348,SouthB_T
2026-10-07 04:00:00,35,30.62024,0.0,73.735115,SouthB_T
2026-10-07 05:00:00,35,95.3858,11.666115,187.46094,SouthB_T
2026-10-07 06:00:00,35,608.5841,417.22623,789.0255,SouthB_T
2026-10-07 07:00:00,35,1258.8948,881.8421,1629.023,SouthB_T
2026-10-07 08:00:00,35,2377.392,1780.8481,2937.2651,SouthB_T
2026-10-07 09:00:00,35,1323.5602,947.83215,1673.3677,SouthB_T
2026-10-07 10:00:00,35,1068.6582,696.6804,1392.2563,SouthB_T
2026-10-07 11:00:00,35,1290.751,824.1699,1691.7087,SouthB_T
2026-10-07 12:00:00,35,2335.3599,1566.4292,3014.6035,SouthB_T
2026-10-07 13:00:00,35,2224.6465,1426.9067,2924.624,SouthB_T
2026-10-07 14:00:00,35,1663.3131,958.9526,2276.7427,SouthB_T
2026-10-07 15:00:00,35,1816.8264,1095.342,2472.2341,SouthB_T
2026-10-07 16:00:00,35,2196.2588,1363.5825,3004.1506,SouthB_T
2026-10-07 17:00:00,35,3053.304,2164.8442,3924.1987,SouthB_T
2026-10-07 18:00:00,35,1913.6514,1256.7094,2595.2104,SouthB_T
2026-10-07 19:00:00,35,932.25287,572.6712,1358.1927,SouthB_T
2026-10-07 20:00:00,35,622.7853,325.13068,985.67334,SouthB_T
2026-10-07 21:00:00,35,489.50986,264.0569,769.0676,SouthB_T
2026-10-07 22:00:00,35,332.3326,167.00856,535.1266,SouthB_T
2026-10-07 23:00:00,35,165.98982,62.365303,284.41254,SouthB_T
2026-10-08 00:00:00,35,17.937897,0.0,109.600296,SouthB_T
2026-10-08 01:00:00,35,0.0,0.0,38.21619,SouthB_T
2026-10-08 02:00:00,35,0.0,0.0,21.443981,SouthB_T
2026-10-08 03:00:00,35,5.9110107,0.0,22.884033,SouthB_T
2026-10-08 04:00:00,35,15.067749,0.0,82.31592,SouthB_T
2026-10-08 05:00:00,35,142.23532,100.32089,188.49991,SouthB_T
2026-10-08 06:00:00,35,589.2119,438.82492,737.812,SouthB_T
2026-10-08 07:00:00,35,1193.2504,856.4366,1523.8221,SouthB_T
2026-10-08 08:00:00,35,2302.62,1639.6295,2945.0452,SouthB_T
2026-10-08 09:00:00,35,1366.8223,970.8142,1755.1854,SouthB_T
2026-10-08 10:00:00,35,1148.9224,816.0243,1481.4755,SouthB_T
2026-10-08 11:00:00,35,1376.1165,993.06354,1766.7969,SouthB_T
2026-10-08 12:00:00,35,2429.3164,1753.5447,3092.8352,SouthB_T
2026-10-08 13:00:00,35,2342.0144,1666.3894,2995.7085,SouthB_T
2026-10-08 14:00:00,35,1827.3931,1283.3615,2343.5957,SouthB_T
2026-10-08 15:00:00,35,1907.1498,1336.2561,2462.6274,SouthB_T
2026-10-08 16:00:00,35,2374.1064,1709.821,3032.9053,SouthB_T
2026-10-08 17:00:00,35,3281.6523,2539.5908,4020.7632,SouthB_T
2026-10-08 18:00:00,35,2201.3723,1542.5763,2880.813,SouthB_T
2026-10-08 19:00:00,35,1116.3367,698.02905,1573.8496,SouthB_T
2026-10-08 20:00:00,35,791.42084,464.11374,1151.8652,SouthB_T
2026-10-08 21:00:00,35,653.0901,391.68793,949.54895,SouthB_T
2026-10-08 22:00:00,35,475.53943,266.498,707.6296,SouthB_T
2026-10-08 23:00:00,35,284.8683,134.34917,451.6761,SouthB_T
2026-10-09 00:00:00,35,68.96281,0.0,162.31934,SouthB_T
2026-10-09 01:00:00,35,13.565596,0.0,71.49808,SouthB_T
2026-10-09 02:00:00,35,0.0,0.0,48.06162,SouthB_T
2026-10-09 03:00:00,35,9.601007,0.0,48.642574,SouthB_T
2026-10-09 04:00:00,35,0.0,0.0,42.627914,SouthB_T
2026-10-09 05:00:00,35,94.18403,53.193504,144.31274,SouthB_T
2026-10-09 06:00:00,35,419.76123,255.44072,591.19653,SouthB_T
2026-10-09 07:00:00,35,987.4311,648.57434,1329.4807,SouthB_T
2026-10-09 08:00:00,35,1769.5707,1217.7161,2332.4885,SouthB_T
2026-10-09 09:00:00,35,1342.6411,901.3978,1805.9337,SouthB_T
2026-10-09 10:00:00,35,1294.247,888.72614,1755.1934,SouthB_T
2026-10-09 11:00:00,35,1606.4767,1163.1304,2115.7905,SouthB_T
2026-10-09 12:00:00,35,2342.8994,1665.3267,3078.1138,SouthB_T
2026-10-09 13:00:00,35,2427.7844,1737.8134,3192.3599,SouthB_T
2026-10-09 14:00:00,35,2328.7632,1644.49,3097.0703,SouthB_T
2026-10-09 15:00:00,35,2406.8787,1700.9036,3185.8184,SouthB_T
2026-10-09 16:00:00,35,2771.9944,1888.5974,3697.26,SouthB_T
2026-10-09 17:00:00,35,3513.9932,2593.8064,4452.314,SouthB_T
2026-10-09 18:00:00,35,2826.4573,1924.2059,3758.2388,SouthB_T
2026-10-09 19:00:00,35,1640.1865,1077.2225,2271.847,SouthB_T
2026-10-09 20:00:00,35,1328.2126,871.9153,1853.8025,SouthB_T
2026-10-09 21:00:00,35,1149.1357,758.7029,1606.4863,SouthB_T
2026-10-09 22:00:00,35,979.9637,618.78796,1391.0449,SouthB_T
2026-10-09 23:00:00,35,660.3815,417.09833,936.0964,SouthB_T
2026-10-10 00:00:00,35,289.9741,164.9812,446.14948,SouthB_T
2026-10-10 01:00:00,35,128.19766,51.846928,230.98026,SouthB_T
2026-10-10 02:00:00,35,40.290062,0.0,111.75601,SouthB_T
2026-10-10 03:00:00,35,15.785932,0.0,79.300735,SouthB_T
2026-10-10 04:00:00,35,3.199833,0.0,83.48218,SouthB_T
2026-10-10 05:00:00,35,64.80508,17.135435,140.1144,SouthB_T
2026-10-10 06:00:00,35,245.01706,110.71156,419.88824,SouthB_T
2026-10-10 07:00:00,35,558.79175,338.23737,821.4863,SouthB_T
2026-10-10 08:00:00,35,971.3096,654.70355,1330.3958,SouthB_T
2026-10-10 09:00:00,35,1385.2711,983.6208,1834.4216,SouthB_T
2026-10-10 10:00:00,35,1664.087,1187.7588,2180.6572,SouthB_T
2026-10-10 11:00:00,35,2042.5615,1462.688,2662.5317,SouthB_T
2026-10-10 12:00:00,35,2343.3,1637.3821,3064.2124,SouthB_T
2026-10-10 13:00:00,35,2651.388,1834.1238,3456.741,SouthB_T
2026-10-10 14:00:00,35,2952.7769,1991.5997,3877.1836,SouthB_T
2026-10-10 15:00:00,35,3209.3804,2223.8032,4136.703,SouthB_T
2026-10-10 16:00:00,35,3310.1028,2347.3208,4257.0796,SouthB_T
2026-10-10 17:00:00,35,3470.8506,2480.6785,4496.725,SouthB_T
2026-10-10 18:00:00,35,3161.775,2104.273,4310.047,SouthB_T
2026-10-10 19:00:00,35,2268.5498,1419.672,3272.3833,SouthB_T
2026-10-10 20:00:00,35,1933.0123,1092.4569,2949.2686,SouthB_T
2026-10-10 21:00:00,35,1452.1177,797.55493,2298.2585,SouthB_T
2026-10-10 22:00:00,35,1158.2395,612.0804,1868.187,SouthB_T
2026-10-10 23:00:00,35,736.69403,403.18304,1225.6116,SouthB_T
2026-10-11 00:00:00,35,338.297,203.65173,599.3449,SouthB_T
2026-10-11 01:00:00,35,151.78491,112.8739,287.2881,SouthB_T
2026-10-11 02:00:00,35,66.9978,19.882568,194.14514,SouthB_T
2026-10-11 03:00:00,35,50.22693,9.516602,154.00146,SouthB_T
2026-10-04 04:00:00,59,59.53607,11.147705,107.91351,RMIT_T
2026-10-04 05:00:00,59,40.44763,0.0,88.179565,RMIT_T
2026-10-04 06:00:00,59,26.284668,0.0,77.40912,RMIT_T
2026-10-04 07:00:00,59,61.72235,3.277649,122.326965,RMIT_T
2026-10-04 08:00:00,59,143.74683,50.57489,222.1424,RMIT_T
2026-10-04 09:00:00,59,301.66913,165.4784,402.21347,RMIT_T
2026-10-04 10:00:00,59,462.01944,277.2379,583.4236,RMIT_T
2026-10-04 11:00:00,59,668.95337,417.19775,810.04785,RMIT_T
2026-10-04 12:00:00,59,898.70465,597.94666,1072.7974,RMIT_T
2026-10-04 13:00:00,59,1040.6337,736.18463,1222.6204,RMIT_T
2026-10-04 14:00:00,59,1046.7704,770.84174,1230.7241,RMIT_T
2026-10-04 15:00:00,59,1101.9049,861.17896,1291.3698,RMIT_T
2026-10-04 16:00:00,59,1047.0072,834.6023,1224.8557,RMIT_T
2026-10-04 17:00:00,59,1033.3618,860.7013,1205.3899,RMIT_T
2026-10-04 18:00:00,59,864.2793,707.7762,1030.1223,RMIT_T
2026-10-04 19:00:00,59,702.3016,570.49414,838.81274,RMIT_T
2026-10-04 20:00:00,59,597.5586,472.18515,721.56573,RMIT_T
2026-10-04 21:00:00,59,457.35626,346.3272,568.44977,RMIT_T
2026-10-04 22:00:00,59,331.34305,228.65527,417.29544,RMIT_T
2026-10-04 23:00:00,59,226.76044,132.53955,303.09866,RMIT_T
2026-10-05 00:00:00,59,141.05011,63.442688,199.44879,RMIT_T
2026-10-05 01:00:00,59,100.11572,30.42163,143.20587,RMIT_T
2026-10-05 02:00:00,59,55.852966,0.0,87.58136,RMIT_T
2026-10-05 03:00:00,59,54.42047,0.0,82.831604,RMIT_T
2026-10-05 04:00:00,59,37.15979,0.0,66.48804,RMIT_T
2026-10-05 05:00:00,59,85.34265,0.0,114.15442,RMIT_T
2026-10-05 06:00:00,59,97.63867,0.0,160.23114,RMIT_T
2026-10-05 07:00:00,59,373.2336,175.64941,479.26605,RMIT_T
2026-10-05 08:00:00,59,1207.769,833.2426,1474.2712,RMIT_T
2026-10-05 09:00:00,59,1219.0999,862.23566,1448.5773,RMIT_T
2026-10-05 10:00:00,59,1616.0042,1150.216,1933.2839,RMIT_T
2026-10-05 11:00:00,59,1758.5889,1315.0728,2040.0178,RMIT_T
2026-10-05 12:00:00,59,2503.4314,1883.803,2943.2375,RMIT_T
2026-10-05 13:00:00,59,2176.582,1603.3201,2580.2712,RMIT_T
2026-10-05 14:00:00,59,2360.4,1767.5344,2783.6028,RMIT_T
2026-10-05 15:00:00,59,2124.1008,1594.0381,2493.8513,RMIT_T
2026-10-05 16:00:00,59,2402.4966,1812.5503,2836.754,RMIT_T
2026-10-05 17:00:00,59,2341.2332,1800.0061,2739.1567,RMIT_T
2026-10-05 18:00:00,59,1726.5608,1316.5952,2017.4058,RMIT_T
2026-10-05 19:00:00,59,1140.0928,861.1707,1337.3511,RMIT_T
2026-10-05 20:00:00,59,919.3374,697.3811,1083.955,RMIT_T
2026-10-05 21:00:00,59,628.10693,458.8318,759.576,RMIT_T
2026-10-05 22:00:00,59,403.7005,261.80087,511.18677,RMIT_T
2026-10-05 23:00:00,59,250.97906,150.1142,330.46713,RMIT_T
2026-10-06 00:00:00,59,127.36954,44.10623,180.58276,RMIT_T
2026-10-06 01:00:00,59,78.829445,19.205744,117.886894,RMIT_T
2026-10-06 02:00:00,59,38.95983,0.0,67.26681,RMIT_T
2026-10-06 03:00:00,59,21.381756,0.0,46.2655,RMIT_T
2026-10-06 04:00:00,59,21.95602,0.0,53.767586,RMIT_T
2026-10-06 05:00:00,59,62.475212,0.1841898,86.32733,RMIT_T
2026-10-06 06:00:00,59,122.02613,22.243465,192.28363,RMIT_T
2026-10-06 07:00:00,59,399.56052,245.83904,504.615,RMIT_T
2026-10-06 08:00:00,59,1405.1771,1075.6707,1675.1833,RMIT_T
2026-10-06 09:00:00,59,1295.0062,979.59375,1527.5507,RMIT_T
2026-10-06 10:00:00,59,1848.2925,1407.0145,2175.478,RMIT_T
2026-10-06 11:00:00,59,1838.6826,1390.1589,2165.357,RMIT_T
2026-10-06 12:00:00,59,2835.2402,2203.4133,3312.291,RMIT_T
2026-10-06 13:00:00,59,2440.6963,1849.6248,2860.6714,RMIT_T
2026-10-06 14:00:00,59,2644.1821,1980.416,3136.4785,RMIT_T
2026-10-06 15:00:00,59,2413.0837,1824.3041,2814.3188,RMIT_T
2026-10-06 16:00:00,59,2758.8594,2142.8333,3212.6653,RMIT_T
2026-10-06 17:00:00,59,2625.265,2001.3756,3109.003,RMIT_T
2026-10-06 18:00:00,59,1990.7344,1488.3931,2376.623,RMIT_T
2026-10-06 19:00:00,59,1361.4121,1028.4938,1611.2651,RMIT_T
2026-10-06 20:00:00,59,1103.3998,789.8372,1352.552,RMIT_T
2026-10-06 21:00:00,59,738.06604,518.38226,910.0252,RMIT_T
2026-10-06 22:00:00,59,492.2563,334.8943,616.0924,RMIT_T
2026-10-06 23:00:00,59,302.87527,180.96104,394.03262,RMIT_T
2026-10-07 00:00:00,59,160.66885,68.438995,223.45547,RMIT_T
2026-10-07 01:00:00,59,99.484116,23.595627,140.84114,RMIT_T
2026-10-07 02:00:00,59,56.68988,9.932345,81.50012,RMIT_T
2026-10-07 03:00:00,59,46.812252,2.6605186,62.02526,RMIT_T
2026-10-07 04:00:00,59,53.126358,0.0,88.292625,RMIT_T
2026-10-07 05:00:00,59,44.397305,0.0,79.694695,RMIT_T
2026-10-07 06:00:00,59,116.17825,52.705364,136.06134,RMIT_T
2026-10-07 07:00:00,59,398.4607,278.21106,477.0182,RMIT_T
2026-10-07 08:00:00,59,1415.8552,1080.5096,1689.4305,RMIT_T
2026-10-07 09:00:00,59,1277.4191,957.0846,1528.803,RMIT_T
2026-10-07 10:00:00,59,1893.1926,1433.0333,2255.6997,RMIT_T
2026-10-07 11:00:00,59,1873.7341,1374.0925,2242.5024,RMIT_T
2026-10-07 12:00:00,59,2908.207,2253.255,3397.3518,RMIT_T
2026-10-07 13:00:00,59,2517.5298,1890.7441,2964.0483,RMIT_T
2026-10-07 14:00:00,59,2706.189,2063.985,3165.1455,RMIT_T
2026-10-07 15:00:00,59,2532.5227,1914.0383,2990.347,RMIT_T
2026-10-07 16:00:00,59,2821.2944,2161.0913,3346.0107,RMIT_T
2026-10-07 17:00:00,59,2779.205,2139.676,3305.6738,RMIT_T
2026-10-07 18:00:00,59,2106.1438,1597.0554,2531.508,RMIT_T
2026-10-07 19:00:00,59,1421.2561,1077.0842,1714.7252,RMIT_T
2026-10-07 20:00:00,59,1091.273,837.5964,1301.2906,RMIT_T
2026-10-07 21:00:00,59,781.4101,564.1963,955.6902,RMIT_T
2026-10-07 22:00:00,59,521.447,354.2334,647.96,RMIT_T
2026-10-07 23:00:00,59,317.6308,185.26093,407.95514,RMIT_T
2026-10-08 00:00:00,59,149.74054,41.431107,217.44403,RMIT_T
2026-10-08 01:00:00,59,97.99893,33.568367,132.05373,RMIT_T
2026-10-08 02:00:00,59,45.77852,5.5376863,70.713875,RMIT_T
2026-10-08 03:00:00,59,61.93097,33.06671,76.42145,RMIT_T
2026-10-08 04:00:00,59,35.66107,0.0,64.39496,RMIT_T
2026-10-08 05:00:00,59,67.87096,11.859798,104.06567,RMIT_T
2026-10-08 06:00:00,59,103.56298,27.059175,167.4929,RMIT_T
2026-10-08 07:00:00,59,355.88837,202.95921,480.42206,RMIT_T
2026-10-08 08:00:00,59,1409.7432,1046.9967,1739.7476,RMIT_T
2026-10-08 09:00:00,59,1370.1759,1028.8743,1656.7646,RMIT_T
2026-10-08 10:00:00,59,1940.2465,1470.46,2332.6953,RMIT_T
2026-10-08 11:00:00,59,1945.398,1525.2378,2275.2253,RMIT_T
2026-10-08 12:00:00,59,2942.975,2399.8418,3358.218,RMIT_T
2026-10-08 13:00:00,59,2560.9663,1989.9841,2974.3787,RMIT_T
2026-10-08 14:00:00,59,2825.5515,2194.6555,3288.7075,RMIT_T
2026-10-08 15:00:00,59,2520.4539,1934.698,2944.641,RMIT_T
2026-10-08 16:00:00,59,2864.1719,2215.1191,3355.792,RMIT_T
2026-10-08 17:00:00,59,2745.7996,2072.495,3271.8264,RMIT_T
2026-10-08 18:00:00,59,2051.0068,1512.8281,2476.9866,RMIT_T
2026-10-08 19:00:00,59,1381.0461,994.4833,1678.6921,RMIT_T
2026-10-08 20:00:00,59,1165.5402,857.2156,1410.065,RMIT_T
2026-10-08 21:00:00,59,848.917,622.1725,1044.9663,RMIT_T
2026-10-08 22:00:00,59,553.3382,386.55045,696.2122,RMIT_T
2026-10-08 23:00:00,59,341.1234,220.15259,444.93243,RMIT_T
2026-10-09 00:00:00,59,182.6436,88.90511,259.48834,RMIT_T
2026-10-09 01:00:00,59,96.51803,24.312,147.8886,RMIT_T
2026-10-09 02:00:00,59,51.526276,0.0,90.62678,RMIT_T
2026-10-09 03:00:00,59,47.197327,0.0,77.51462,RMIT_T
2026-10-09 04:00:00,59,31.573652,0.0,60.809845,RMIT_T
2026-10-09 05:00:00,59,52.487686,11.092052,68.82677,RMIT_T
2026-10-09 06:00:00,59,105.93073,20.791653,171.96866,RMIT_T
2026-10-09 07:00:00,59,337.67703,213.01872,444.38202,RMIT_T
2026-10-09 08:00:00,59,1280.1632,945.75305,1595.6764,RMIT_T
2026-10-09 09:00:00,59,1221.6031,917.3002,1485.7953,RMIT_T
2026-10-09 10:00:00,59,1774.0688,1303.421,2181.0588,RMIT_T
2026-10-09 11:00:00,59,1866.8794,1443.8212,2208.169,RMIT_T
2026-10-09 12:00:00,59,2659.2969,2196.0928,3026.6934,RMIT_T
2026-10-09 13:00:00,59,2356.2166,1843.1808,2766.6128,RMIT_T
2026-10-09 14:00:00,59,2453.2358,1856.4694,2951.835,RMIT_T
2026-10-09 15:00:00,59,2208.9692,1683.1791,2636.7935,RMIT_T
2026-10-09 16:00:00,59,2521.4749,1974.5371,2962.1226,RMIT_T
2026-10-09 17:00:00,59,2298.558,1776.3538,2712.9026,RMIT_T
2026-10-09 18:00:00,59,1780.4463,1357.5068,2120.0781,RMIT_T
2026-10-09 19:00:00,59,1212.0073,935.8262,1444.9557,RMIT_T
2026-10-09 20:00:00,59,1131.5828,886.7728,1352.669,RMIT_T
2026-10-09 21:00:00,59,906.1742,718.15857,1079.0651,RMIT_T
2026-10-09 22:00:00,59,673.21906,527.9067,809.63293,RMIT_T
2026-10-09 23:00:00,59,488.80585,376.2808,591.95795,RMIT_T
2026-10-10 00:00:00,59,290.57,205.41399,366.39175,RMIT_T
2026-10-10 01:00:00,59,196.36761,131.42291,256.04797,RMIT_T
2026-10-10 02:00:00,59,130.86264,75.52943,175.66544,RMIT_T
2026-10-10 03:00:00,59,83.58489,38.21446,117.53436,RMIT_T
2026-10-10 04:00:00,59,39.31676,0.0,75.34088,RMIT_T
2026-10-10 05:00:00,59,40.12558,0.0,84.31034,RMIT_T
2026-10-10 06:00:00,59,42.939022,0.0,98.914825,RMIT_T
2026-10-10 07:00:00,59,91.26967,32.766632,159.9364,RMIT_T
2026-10-10 08:00:00,59,197.5993,109.34662,305.3379,RMIT_T
2026-10-10 09:00:00,59,340.4173,218.15475,478.29703,RMIT_T
2026-10-10 10:00:00,59,545.21356,389.43988,714.1063,RMIT_T
2026-10-10 11:00:00,59,793.4715,606.2053,1002.0076,RMIT_T
2026-10-10 12:00:00,59,995.6501,772.53906,1234.9681,RMIT_T
2026-10-10 13:00:00,59,1200.5754,935.7181,1480.2821,RMIT_T
2026-10-10 14:00:00,59,1284.0383,1001.8263,1585.1685,RMIT_T
2026-10-10 15:00:00,59,1326.3525,1064.8315,1608.9736,RMIT_T
2026-10-10 16:00:00,59,1298.709,1072.4915,1559.1165,RMIT_T
2026-10-10 17:00:00,59,1318.5818,1059.6804,1603.4924,RMIT_T
2026-10-10 18:00:00,59,1177.0028,963.6562,1417.0664,RMIT_T
2026-10-10 19:00:00,59,1010.54614,839.4836,1199.4342,RMIT_T
2026-10-10 20:00:00,59,865.63965,717.95496,1030.2518,RMIT_T
2026-10-10 21:00:00,59,681.5759,552.01,822.7264,RMIT_T
2026-10-10 22:00:00,59,524.6692,412.672,641.6328,RMIT_T
2026-10-10 23:00:00,59,430.0684,326.31552,530.4509,RMIT_T
2026-10-11 00:00:00,59,260.4176,177.27124,338.91653,RMIT_T
2026-10-11 01:00:00,59,175.29309,105.68005,232.69543,RMIT_T
2026-10-11 02:00:00,59,142.52966,85.61951,192.8689,RMIT_T
2026-10-11 03:00:00,59,89.668945,39.506897,126.71271,RMIT_T
2026-10-04 04:00:00,132,20.333176,13.04039,28.032349,King335_T
2026-10-04 05:00:00,132,19.643478,9.6002655,27.507645,King335_T
2026-10-04 06:00:00,132,25.380417,12.827316,36.776306,King335_T
2026-10-04 07:00:00,132,47.000412,27.762665,65.35534,King335_T
2026-10-04 08:00:00,132,97.795044,66.52977,123.74802,King335_T
2026-10-04 09:00:00,132,185.35635,121.25633,238.89911,King335_T
2026-10-04 10:00:00,132,268.43927,180.17818,337.7907,King335_T
2026-10-04 11:00:00,132,289.77432,190.90024,355.42432,King335_T
2026-10-04 12:00:00,132,309.26306,201.16608,374.69736,King335_T
2026-10-04 13:00:00,132,326.87943,208.27383,394.35608,King335_T
2026-10-04 14:00:00,132,316.61166,201.1676,381.19772,King335_T
2026-10-04 15:00:00,132,306.135,192.39166,371.9218,King335_T
2026-10-04 16:00:00,132,299.26746,190.75124,363.1709,King335_T
2026-10-04 17:00:00,132,302.93207,194.49481,371.21942,King335_T
2026-10-04 18:00:00,132,287.42645,187.32489,352.54248,King335_T
2026-10-04 19:00:00,132,242.88516,156.04132,299.52463,King335_T
2026-10-04 20:00:00,132,226.2068,149.26114,278.96375,King335_T
2026-10-04 21:00:00,132,187.34084,120.71098,236.6297,King335_T
2026-10-04 22:00:00,132,144.38452,85.55198,187.18979,King335_T
2026-10-04 23:00:00,132,101.68419,57.313972,134.70052,King335_T
2026-10-05 00:00:00,132,58.747528,30.098358,78.237885,King335_T
2026-10-05 01:00:00,132,33.42729,12.28862,46.34311,King335_T
2026-10-05 02:00:00,132,20.251373,3.7413635,28.832718,King335_T
2026-10-05 03:00:00,132,16.6801,2.317688,21.554993,King335_T
2026-10-05 04:00:00,132,13.240448,0.0,17.617706,King335_T
2026-10-05 05:00:00,132,22.011017,0.2955017,25.38211,King335_T
2026-10-05 06:00:00,132,46.57576,11.168655,57.911064,King335_T
2026-10-05 07:00:00,132,92.887,37.308487,118.86635,King335_T
2026-10-05 08:00:00,132,204.88934,116.70682,260.00452,King335_T
2026-10-05 09:00:00,132,176.83159,92.832596,226.48062,King335_T
2026-10-05 10:00:00,132,203.41466,111.24711,258.39157,King335_T
2026-10-05 11:00:00,132,231.47548,131.05672,292.90482,King335_T
2026-10-05 12:00:00,132,330.06512,208.44148,408.11536,King335_T
2026-10-05 13:00:00,132,338.46915,221.08151,412.03912,King335_T
2026-10-05 14:00:00,132,271.1667,162.93542,338.3841,King335_T
2026-10-05 15:00:00,132,284.0395,178.66463,348.84552,King335_T
2026-10-05 16:00:00,132,319.5312,205.09467,392.74933,King335_T
2026-10-05 17:00:00,132,366.67654,258.24222,435.867,King335_T
2026-10-05 18:00:00,132,333.59326,234.8829,398.28473,King335_T
2026-10-05 19:00:00,132,257.18277,183.981,304.73355,King335_T
2026-10-05 20:00:00,132,233.79245,166.63354,281.24518,King335_T
2026-10-05 21:00:00,132,193.96898,135.09167,237.9206,King335_T
2026-10-05 22:00:00,132,151.32391,102.15874,189.36298,King335_T
2026-10-05 23:00:00,132,93.85356,60.969154,119.33259,King335_T
2026-10-06 00:00:00,132,48.401127,30.846231,61.274,King335_T
2026-10-06 01:00:00,132,25.625872,13.370924,35.01381,King335_T
2026-10-06 02:00:00,132,14.51828,5.512248,20.227612,King335_T
2026-10-06 03:00:00,132,10.854566,1.608936,15.938891,King335_T
2026-10-06 04:00:00,132,7.0534973,0.0,13.670174,King335_T
2026-10-06 05:00:00,132,19.250912,9.516112,22.96864,King335_T
2026-10-06 06:00:00,132,50.234657,28.815693,64.14314,King335_T
2026-10-06 07:00:00,132,105.4438,65.046295,134.48315,King335_T
2026-10-06 08:00:00,132,275.43076,191.66522,345.59882,King335_T
2026-10-06 09:00:00,132,205.8789,140.27826,253.59377,King335_T
2026-10-06 10:00:00,132,223.94104,153.64374,271.22525,King335_T
2026-10-06 11:00:00,132,254.69969,177.75905,306.65338,King335_T
2026-10-06 12:00:00,132,378.5428,273.31097,453.45834,King335_T
2026-10-06 13:00:00,132,373.58948,268.83234,444.83307,King335_T
2026-10-06 14:00:00,132,280.7872,190.22275,338.42465,King335_T
2026-10-06 15:00:00,132,285.65314,197.02338,338.22058,King335_T
2026-10-06 16:00:00,132,319.93384,227.53871,378.2582,King335_T
2026-10-06 17:00:00,132,380.26157,285.24484,444.60736,King335_T
2026-10-06 18:00:00,132,350.0217,257.21732,416.049,King335_T
2026-10-06 19:00:00,132,266.04868,198.7499,312.90045,King335_T
2026-10-06 20:00:00,132,236.4969,179.71394,279.15573,King335_T
2026-10-06 21:00:00,132,196.59474,146.5987,237.45648,King335_T
2026-10-06 22:00:00,132,150.65219,108.84829,185.28801,King335_T
2026-10-06 23:00:00,132,98.220055,63.838444,126.8374,King335_T
2026-10-07 00:00:00,132,53.37062,31.018991,71.893715,King335_T
2026-10-07 01:00:00,132,30.100082,16.143543,40.5202,King335_T
2026-10-07 02:00:00,132,17.407015,7.8866596,25.385612,King335_T
2026-10-07 03:00:00,132,16.09284,8.022331,21.456299,King335_T
2026-10-07 04:00:00,132,13.073126,4.0166616,19.303299,King335_T
2026-10-07 05:00:00,132,19.76698,7.620183,29.818962,King335_T
2026-10-07 06:00:00,132,49.57054,31.083954,62.593224,King335_T
2026-10-07 07:00:00,132,104.55051,69.249535,133.16922,King335_T
2026-10-07 08:00:00,132,256.0919,184.82332,316.0999,King335_T
2026-10-07 09:00:00,132,199.12885,139.21223,246.42273,King335_T
2026-10-07 10:00:00,132,222.29254,154.49142,270.60706,King335_T
2026-10-07 11:00:00,132,252.53003,168.79346,310.05878,King335_T
2026-10-07 12:00:00,132,363.62933,256.68546,436.5409,King335_T
2026-10-07 13:00:00,132,379.56427,272.06412,447.72543,King335_T
2026-10-07 14:00:00,132,285.8349,183.0145,348.32727,King335_T
2026-10-07 15:00:00,132,294.24524,191.2136,357.39423,King335_T
2026-10-07 16:00:00,132,331.6136,221.95667,403.9001,King335_T
2026-10-07 17:00:00,132,381.80362,272.40552,455.21796,King335_T
2026-10-07 18:00:00,132,362.1623,261.24573,430.4865,King335_T
2026-10-07 19:00:00,132,278.9766,195.70235,335.25934,King335_T
2026-10-07 20:00:00,132,245.9177,169.7063,298.28308,King335_T
2026-10-07 21:00:00,132,202.80789,137.85046,247.24728,King335_T
2026-10-07 22:00:00,132,166.05789,110.528046,207.64868,King335_T
2026-10-07 23:00:00,132,108.465775,68.00351,141.18378,King335_T
2026-10-08 00:00:00,132,55.003544,31.395874,75.899376,King335_T
2026-10-08 01:00:00,132,28.88307,15.525679,41.493126,King335_T
2026-10-08 02:00:00,132,15.448459,7.4317536,24.646578,King335_T
2026-10-08 03:00:00,132,12.170242,4.092346,17.902145,King335_T
2026-10-08 04:00:00,132,7.680237,0.0,14.663574,King335_T
2026-10-08 05:00:00,132,23.473503,11.162671,29.563622,King335_T
2026-10-08 06:00:00,132,52.237366,29.634453,66.63067,King335_T
2026-10-08 07:00:00,132,105.04165,60.549484,139.2546,King335_T
2026-10-08 08:00:00,132,266.123,176.41423,342.21182,King335_T
2026-10-08 09:00:00,132,217.99307,149.62068,269.58423,King335_T
2026-10-08 10:00:00,132,236.14917,168.8599,283.241,King335_T
2026-10-08 11:00:00,132,269.66003,191.55115,323.63672,King335_T
2026-10-08 12:00:00,132,373.36578,275.9897,439.59857,King335_T
2026-10-08 13:00:00,132,382.97473,277.64346,452.72797,King335_T
2026-10-08 14:00:00,132,300.37683,204.62634,357.06927,King335_T
2026-10-08 15:00:00,132,297.39893,199.29996,355.5862,King335_T
2026-10-08 16:00:00,132,330.48938,226.40332,395.42596,King335_T
2026-10-08 17:00:00,132,385.28143,274.98245,456.98352,King335_T
2026-10-08 18:00:00,132,371.94858,266.48712,443.5136,King335_T
2026-10-08 19:00:00,132,275.3099,190.74457,332.5592,King335_T
2026-10-08 20:00:00,132,253.63176,176.3415,308.47733,King335_T
2026-10-08 21:00:00,132,219.0495,151.99594,271.29968,King335_T
2026-10-08 22:00:00,132,175.7113,115.63229,224.43637,King335_T
2026-10-08 23:00:00,132,126.48289,82.37838,164.32565,King335_T
2026-10-09 00:00:00,132,66.41405,39.10496,90.119255,King335_T
2026-10-09 01:00:00,132,37.738426,20.065172,53.502907,King335_T
2026-10-09 02:00:00,132,20.725613,6.598705,33.28576,King335_T
2026-10-09 03:00:00,132,16.670197,4.675525,24.466242,King335_T
2026-10-09 04:00:00,132,12.183594,0.0,19.47226,King335_T
2026-10-09 05:00:00,132,22.236702,4.905707,27.919825,King335_T
2026-10-09 06:00:00,132,50.246826,18.857052,65.50503,King335_T
2026-10-09 07:00:00,132,98.700325,46.756725,129.63686,King335_T
2026-10-09 08:00:00,132,216.56256,129.18689,279.36838,King335_T
2026-10-09 09:00:00,132,205.37863,118.883514,263.7733,King335_T
2026-10-09 10:00:00,132,242.14508,138.18854,313.55734,King335_T
2026-10-09 11:00:00,132,270.9177,173.1632,332.8881,King335_T
2026-10-09 12:00:00,132,355.29364,248.95218,422.5091,King335_T
2026-10-09 13:00:00,132,371.18243,263.19458,438.51135,King335_T
2026-10-09 14:00:00,132,330.5879,226.8313,396.2311,King335_T
2026-10-09 15:00:00,132,315.6139,216.9193,377.80573,King335_T
2026-10-09 16:00:00,132,339.68018,235.16167,408.33725,King335_T
2026-10-09 17:00:00,132,368.27808,270.4043,432.479,King335_T
2026-10-09 18:00:00,132,364.40472,276.2755,422.63208,King335_T
2026-10-09 19:00:00,132,319.20688,234.21063,379.07718,King335_T
2026-10-09 20:00:00,132,302.00366,217.789,364.80765,King335_T
2026-10-09 21:00:00,132,265.35535,187.55716,324.60562,King335_T
2026-10-09 22:00:00,132,227.11879,156.91483,283.17053,King335_T
2026-10-09 23:00:00,132,172.1281,114.99829,218.64261,King335_T
2026-10-10 00:00:00,132,106.96202,70.4225,137.27315,King335_T
2026-10-10 01:00:00,132,62.75635,41.365005,80.94557,King335_T
2026-10-10 02:00:00,132,41.49805,25.591488,54.600357,King335_T
2026-10-10 03:00:00,132,28.724964,16.489197,38.677593,King335_T
2026-10-10 04:00:00,132,21.933651,9.484501,32.215244,King335_T
2026-10-10 05:00:00,132,25.167984,14.454317,33.378613,King335_T
2026-10-10 06:00:00,132,37.95539,19.5419,53.891502,King335_T
2026-10-10 07:00:00,132,67.99183,42.26182,89.49959,King335_T
2026-10-10 08:00:00,132,122.39407,81.04817,157.05507,King335_T
2026-10-10 09:00:00,132,202.57397,131.44005,262.39294,King335_T
2026-10-10 10:00:00,132,263.89487,175.95984,335.33994,King335_T
2026-10-10 11:00:00,132,290.95822,197.6888,366.3719,King335_T
2026-10-10 12:00:00,132,315.30646,219.35365,388.7494,King335_T
2026-10-10 13:00:00,132,339.6753,240.64114,413.08832,King335_T
2026-10-10 14:00:00,132,330.17023,230.88562,403.3485,King335_T
2026-10-10 15:00:00,132,316.85593,225.5343,380.85233,King335_T
2026-10-10 16:00:00,132,319.10858,232.52156,381.6188,King335_T
2026-10-10 17:00:00,132,313.48978,227.09064,377.4863,King335_T
2026-10-10 18:00:00,132,319.87045,228.2874,393.06894,King335_T
2026-10-10 19:00:00,132,304.06375,224.42966,370.02557,King335_T
2026-10-10 20:00:00,132,273.45935,203.46797,334.44836,King335_T
2026-10-10 21:00:00,132,236.3196,172.07077,295.09915,King335_T
2026-10-10 22:00:00,132,208.84921,146.46335,266.22162,King335_T
2026-10-10 23:00:00,132,178.75957,123.92237,229.05525,King335_T
2026-10-11 00:00:00,132,120.42784,77.922226,160.03154,King335_T
2026-10-11 01:00:00,132,70.155014,44.931488,93.4364,King335_T
2026-10-11 02:00:00,132,44.775497,30.036392,60.284134,King335_T
2026-10-11 03:00:00,132,30.997375,20.489517,41.292816,King335_T
2026-10-04 04:00:00,135,49.42041,26.408386,78.58972,Spen161_T
2026-10-04 05:00:00,135,68.66199,33.72043,107.608246,Spen161_T
2026-10-04 06:00:00,135,101.37836,56.765137,153.04602,Spen161_T
2026-10-04 07:00:00,135,178.94623,118.127686,249.13828,Spen161_T
2026-10-04 08:00:00,135,281.5959,191.91019,377.80722,Spen161_T
2026-10-04 09:00:00,135,411.43735,289.09644,540.056,Spen161_T
2026-10-04 10:00:00,135,638.77356,449.9694,832.6904,Spen161_T
2026-10-04 11:00:00,135,738.1865,523.2023,946.5604,Spen161_T
2026-10-04 12:00:00,135,733.2646,503.5968,950.0676,Spen161_T
2026-10-04 13:00:00,135,722.3868,497.94632,940.9464,Spen161_T
2026-10-04 14:00:00,135,675.2755,474.22415,882.2678,Spen161_T
2026-10-04 15:00:00,135,735.39197,507.89502,976.2791,Spen161_T
2026-10-04 16:00:00,135,740.64355,531.5297,971.2982,Spen161_T
2026-10-04 17:00:00,135,670.1125,484.6145,881.06177,Spen161_T
2026-10-04 18:00:00,135,558.79816,401.87253,741.8395,Spen161_T
2026-10-04 19:00:00,135,420.49023,301.27887,560.51465,Spen161_T
2026-10-04 20:00:00,135,289.01868,192.07407,404.3011,Spen161_T
2026-10-04 21:00:00,135,279.24664,192.6069,380.78528,Spen161_T
2026-10-04 22:00:00,135,201.75659,129.61359,276.65845,Spen161_T
2026-10-04 23:00:00,135,129.64706,74.59262,183.00339,Spen161_T
2026-10-05 00:00:00,135,84.81287,43.57727,120.45715,Spen161_T
2026-10-05 01:00:00,135,55.583984,23.599274,78.89981,Spen161_T
2026-10-05 02:00:00,135,37.441223,11.873383,54.091736,Spen161_T
2026-10-05 03:00:00,135,34.57834,9.755249,50.8208,Spen161_T
2026-10-05 04:00:00,135,34.12201,11.316498,52.00882,Spen161_T
2026-10-05 05:00:00,135,69.226654,51.108154,83.91077,Spen161_T
2026-10-05 06:00:00,135,157.03659,115.127594,198.32886,Spen161_T
2026-10-05 07:00:00,135,319.0225,252.61461,389.9219,Spen161_T
2026-10-05 08:00:00,135,532.7806,415.15366,654.8866,Spen161_T
2026-10-05 09:00:00,135,494.026,400.7156,589.10956,Spen161_T
2026-10-05 10:00:00,135,585.4445,469.8708,705.13055,Spen161_T
2026-10-05 11:00:00,135,683.19727,522.53326,841.58563,Spen161_T
2026-10-05 12:00:00,135,809.9,589.065,1021.6233,Spen161_T
2026-10-05 13:00:00,135,764.5465,560.4628,966.94293,Spen161_T
2026-10-05 14:00:00,135,617.30634,441.23898,799.33435,Spen161_T
2026-10-05 15:00:00,135,705.365,509.98083,908.08374,Spen161_T
2026-10-05 16:00:00,135,804.41974,560.25616,1053.3326,Spen161_T
2026-10-05 17:00:00,135,814.1073,591.78906,1040.8625,Spen161_T
2026-10-05 18:00:00,135,558.2551,419.07452,707.24457,Spen161_T
2026-10-05 19:00:00,135,382.53558,268.7724,511.7194,Spen161_T
2026-10-05 20:00:00,135,282.978,187.83484,392.01248,Spen161_T
2026-10-05 21:00:00,135,256.35645,176.92488,349.80914,Spen161_T
2026-10-05 22:00:00,135,182.5225,118.31799,255.36589,Spen161_T
2026-10-05 23:00:00,135,114.751625,67.19299,166.36244,Spen161_T
2026-10-06 00:00:00,135,71.59026,36.04767,107.4945,Spen161_T
2026-10-06 01:00:00,135,47.704887,22.53009,74.24274,Spen161_T
2026-10-06 02:00:00,135,35.331345,6.8825445,61.02009,Spen161_T
2026-10-06 03:00:00,135,26.45521,3.7594242,46.254272,Spen161_T
2026-10-06 04:00:00,135,36.859592,9.655712,59.580154,Spen161_T
2026-10-06 05:00:00,135,62.53304,37.562088,78.81115,Spen161_T
2026-10-06 06:00:00,135,154.81621,103.787636,202.03029,Spen161_T
2026-10-06 07:00:00,135,338.18924,248.63403,423.1244,Spen161_T
2026-10-06 08:00:00,135,598.22974,442.60278,751.07513,Spen161_T
2026-10-06 09:00:00,135,520.8535,408.4713,629.74756,Spen161_T
2026-10-06 10:00:00,135,606.15186,471.77393,731.41376,Spen161_T
2026-10-06 11:00:00,135,690.1739,526.2714,844.95,Spen161_T
2026-10-06 12:00:00,135,850.58984,607.34485,1076.9319,Spen161_T
2026-10-06 13:00:00,135,807.74,577.42957,1012.50366,Spen161_T
2026-10-06 14:00:00,135,611.3086,406.43713,786.77203,Spen161_T
2026-10-06 15:00:00,135,719.18787,486.8455,907.9363,Spen161_T
2026-10-06 16:00:00,135,826.53107,559.49207,1055.1818,Spen161_T
2026-10-06 17:00:00,135,871.5737,596.1097,1117.0236,Spen161_T
2026-10-06 18:00:00,135,554.76624,381.2046,712.9829,Spen161_T
2026-10-06 19:00:00,135,379.7743,249.859,505.44797,Spen161_T
2026-10-06 20:00:00,135,280.21234,180.90533,386.28458,Spen161_T
2026-10-06 21:00:00,135,256.09152,175.99123,346.37042,Spen161_T
2026-10-06 22:00:00,135,190.07932,126.98363,262.59976,Spen161_T
2026-10-06 23:00:00,135,121.65802,79.50641,174.63745,Spen161_T
2026-10-07 00:00:00,135,80.0441,48.022537,118.79074,Spen161_T
2026-10-07 01:00:00,135,52.69667,29.043343,82.28647,Spen161_T
2026-10-07 02:00:00,135,43.971943,27.382698,67.27666,Spen161_T
2026-10-07 03:00:00,135,39.884327,22.35536,60.17373,Spen161_T
2026-10-07 04:00:00,135,40.161213,25.233772,58.060215,Spen161_T
2026-10-07 05:00:00,135,61.168114,31.065739,99.44452,Spen161_T
2026-10-07 06:00:00,135,164.80417,113.46904,221.48271,Spen161_T
2026-10-07 07:00:00,135,349.31512,262.57916,446.55133,Spen161_T
2026-10-07 08:00:00,135,608.4329,469.0321,755.99713,Spen161_T
2026-10-07 09:00:00,135,525.27704,423.008,637.9796,Spen161_T
2026-10-07 10:00:00,135,608.68524,479.5827,741.5659,Spen161_T
2026-10-07 11:00:00,135,705.693,532.75604,873.3341,Spen161_T
2026-10-07 12:00:00,135,888.76855,656.54236,1110.2092,Spen161_T
2026-10-07 13:00:00,135,848.25,607.103,1077.7494,Spen161_T
2026-10-07 14:00:00,135,631.8239,428.61655,823.16345,Spen161_T
2026-10-07 15:00:00,135,747.0261,512.9238,974.20215,Spen161_T
2026-10-07 16:00:00,135,878.50916,596.1907,1160.0632,Spen161_T
2026-10-07 17:00:00,135,941.31616,668.9794,1215.5637,Spen161_T
2026-10-07 18:00:00,135,604.2124,424.363,795.5319,Spen161_T
2026-10-07 19:00:00,135,411.3457,283.93542,559.0448,Spen161_T
2026-10-07 20:00:00,135,296.23386,189.05278,421.00427,Spen161_T
2026-10-07 21:00:00,135,269.25244,173.9326,380.93134,Spen161_T
2026-10-07 22:00:00,135,204.00705,131.89499,289.65646,Spen161_T
2026-10-07 23:00:00,135,123.7519,72.69615,183.57715,Spen161_T
2026-10-08 00:00:00,135,68.48051,33.634804,109.20682,Spen161_T
2026-10-08 01:00:00,135,39.76356,14.361147,68.473595,Spen161_T
2026-10-08 02:00:00,135,36.912148,19.106857,60.209347,Spen161_T
2026-10-08 03:00:00,135,32.64395,15.80835,49.804596,Spen161_T
2026-10-08 04:00:00,135,39.281494,13.669403,62.713776,Spen161_T
2026-10-08 05:00:00,135,73.221466,50.50828,95.01613,Spen161_T
2026-10-08 06:00:00,135,158.27254,104.79209,209.76373,Spen161_T
2026-10-08 07:00:00,135,355.30243,272.26425,436.63022,Spen161_T
2026-10-08 08:00:00,135,627.97266,476.40836,777.7964,Spen161_T
2026-10-08 09:00:00,135,557.7777,439.46155,675.1631,Spen161_T
2026-10-08 10:00:00,135,667.0377,536.1741,795.8456,Spen161_T
2026-10-08 11:00:00,135,761.82404,598.66736,926.1469,Spen161_T
2026-10-08 12:00:00,135,925.6795,707.7547,1140.0741,Spen161_T
2026-10-08 13:00:00,135,898.9153,669.4646,1124.6853,Spen161_T
2026-10-08 14:00:00,135,666.20966,487.76343,838.666,Spen161_T
2026-10-08 15:00:00,135,774.3934,562.4452,981.33124,Spen161_T
2026-10-08 16:00:00,135,916.83484,663.9917,1166.7593,Spen161_T
2026-10-08 17:00:00,135,1014.18054,742.3738,1284.1475,Spen161_T
2026-10-08 18:00:00,135,661.58514,464.3819,865.3585,Spen161_T
2026-10-08 19:00:00,135,452.83258,315.20877,602.7577,Spen161_T
2026-10-08 20:00:00,135,326.19556,217.13412,447.89026,Spen161_T
2026-10-08 21:00:00,135,303.86993,211.13486,412.68564,Spen161_T
2026-10-08 22:00:00,135,233.07253,156.9581,320.63513,Spen161_T
2026-10-08 23:00:00,135,153.29924,98.31082,218.40234,Spen161_T
2026-10-09 00:00:00,135,96.00255,57.451355,140.38928,Spen161_T
2026-10-09 01:00:00,135,58.032715,31.725945,90.37521,Spen161_T
2026-10-09 02:00:00,135,37.70523,17.49369,62.472145,Spen161_T
2026-10-09 03:00:00,135,39.18391,23.059254,60.410385,Spen161_T
2026-10-09 04:00:00,135,40.847843,20.227484,65.03406,Spen161_T
2026-10-09 05:00:00,135,67.83601,53.907,87.03613,Spen161_T
2026-10-09 06:00:00,135,153.25623,112.43704,204.1629,Spen161_T
2026-10-09 07:00:00,135,335.04718,258.10117,426.2621,Spen161_T
2026-10-09 08:00:00,135,545.6238,427.89365,683.02905,Spen161_T
2026-10-09 09:00:00,135,531.8303,434.7963,651.7308,Spen161_T
2026-10-09 10:00:00,135,663.0765,523.12036,836.52325,Spen161_T
2026-10-09 11:00:00,135,774.3003,619.8081,964.34375,Spen161_T
2026-10-09 12:00:00,135,891.8822,704.7734,1114.1144,Spen161_T
2026-10-09 13:00:00,135,905.2862,695.44385,1151.9751,Spen161_T
2026-10-09 14:00:00,135,807.4974,611.0938,1042.8107,Spen161_T
2026-10-09 15:00:00,135,898.40076,675.82996,1155.7579,Spen161_T
2026-10-09 16:00:00,135,990.032,726.42456,1279.2686,Spen161_T
2026-10-09 17:00:00,135,1060.5167,786.22577,1354.1675,Spen161_T
2026-10-09 18:00:00,135,817.6467,572.17194,1084.0994,Spen161_T
2026-10-09 19:00:00,135,586.1837,414.86328,784.28516,Spen161_T
2026-10-09 20:00:00,135,417.20154,297.11542,560.9982,Spen161_T
2026-10-09 21:00:00,135,398.29303,300.53207,518.87256,Spen161_T
2026-10-09 22:00:00,135,311.34332,235.27704,405.6571,Spen161_T
2026-10-09 23:00:00,135,222.86063,164.34698,292.60553,Spen161_T
2026-10-10 00:00:00,135,144.99573,103.4584,197.19583,Spen161_T
2026-10-10 01:00:00,135,99.594475,70.25596,140.6788,Spen161_T
2026-10-10 02:00:00,135,69.495834,41.00152,105.3808,Spen161_T
2026-10-10 03:00:00,135,58.813957,37.1156,88.08484,Spen161_T
2026-10-10 04:00:00,135,61.8744,32.017044,98.28151,Spen161_T
2026-10-10 05:00:00,135,72.50193,46.590195,106.21485,Spen161_T
2026-10-10 06:00:00,135,117.264206,70.46071,177.2984,Spen161_T
2026-10-10 07:00:00,135,212.30055,143.92686,297.5772,Spen161_T
2026-10-10 08:00:00,135,338.52338,238.76175,459.81857,Spen161_T
2026-10-10 09:00:00,135,499.96655,371.57916,653.12396,Spen161_T
2026-10-10 10:00:00,135,701.848,519.9728,912.7183,Spen161_T
2026-10-10 11:00:00,135,844.8568,618.4164,1118.751,Spen161_T
2026-10-10 12:00:00,135,876.2145,635.16846,1177.7476,Spen161_T
2026-10-10 13:00:00,135,864.07446,623.61694,1192.6973,Spen161_T
2026-10-10 14:00:00,135,866.9581,610.5675,1227.696,Spen161_T
2026-10-10 15:00:00,135,960.1609,684.90784,1357.9119,Spen161_T
2026-10-10 16:00:00,135,965.8724,682.83344,1380.298,Spen161_T
2026-10-10 17:00:00,135,862.3713,575.6666,1257.905,Spen161_T
2026-10-10 18:00:00,135,774.1791,501.85443,1141.2528,Spen161_T
2026-10-10 19:00:00,135,551.04865,370.42862,818.625,Spen161_T
2026-10-10 20:00:00,135,398.66724,273.25717,603.08826,Spen161_T
2026-10-10 21:00:00,135,336.13727,224.9422,512.06915,Spen161_T
2026-10-10 22:00:00,135,289.36182,189.53885,432.74207,Spen161_T
2026-10-10 23:00:00,135,221.20998,149.86362,326.71948,Spen161_T
2026-10-11 00:00:00,135,139.30115,92.28949,209.82224,Spen161_T
2026-10-11 01:00:00,135,95.91589,65.76541,144.32538,Spen161_T
2026-10-11 02:00:00,135,68.325775,45.09131,108.24844,Spen161_T
2026-10-11 03:00:00,135,59.390045,40.12451,90.99719,Spen161_T
2026-10-04 04:00:00,23,17.496765,2.8416138,39.93808,Col623_T
2026-10-04 05:00:00,23,25.898926,8.236755,51.233063,Col623_T
2026-10-04 06:00:00,23,45.636322,21.504303,78.5907,Col623_T
2026-10-04 07:00:00,23,93.70682,58.744293,142.83763,Col623_T
2026-10-04 08:00:00,23,141.36809,83.16489,203.3321,Col623_T
2026-10-04 09:00:00,23,230.4508,144.90002,324.98816,Col623_T
2026-10-04 10:00:00,23,288.52383,184.31915,406.09723,Col623_T
2026-10-04 11:00:00,23,280.67343,183.14879,385.15344,Col623_T
2026-10-04 12:00:00,23,265.83804,175.37984,365.47174,Col623_T
2026-10-04 13:00:00,23,275.3266,184.18813,375.10056,Col623_T
2026-10-04 14:00:00,23,282.336,192.57622,384.2146,Col623_T
2026-10-04 15:00:00,23,268.08752,172.69052,379.2199,Col623_T
2026-10-04 16:00:00,23,278.65942,184.30443,390.12335,Col623_T
2026-10-04 17:00:00,23,270.25293,170.7002,387.425,Col623_T
2026-10-04 18:00:00,23,239.66739,146.9122,346.31424,Col623_T
2026-10-04 19:00:00,23,214.88753,136.66278,304.48273,Col623_T
2026-10-04 20:00:00,23,172.70834,101.198074,253.93285,Col623_T
2026-10-04 21:00:00,23,156.15154,89.434296,230.53204,Col623_T
2026-10-04 22:00:00,23,113.40904,53.663696,173.38701,Col623_T
2026-10-04 23:00:00,23,69.992065,21.6445,119.69603,Col623_T
2026-10-05 00:00:00,23,33.26895,1.4366455,65.88611,Col623_T
2026-10-05 01:00:00,23,10.808777,0.0,32.73825,Col623_T
2026-10-05 02:00:00,23,17.426147,0.0,36.32898,Col623_T
2026-10-05 03:00:00,23,20.4917,0.0,32.711212,Col623_T
2026-10-05 04:00:00,23,9.971039,0.0,29.786774,Col623_T
2026-10-05 05:00:00,23,36.573822,0.0,46.90909,Col623_T
2026-10-05 06:00:00,23,115.548096,0.0,159.16858,Col623_T
2026-10-05 07:00:00,23,331.54074,89.11908,464.19675,Col623_T
2026-10-05 08:00:00,23,643.14404,265.80283,903.0228,Col623_T
2026-10-05 09:00:00,23,430.11105,143.10896,611.3926,Col623_T
2026-10-05 10:00:00,23,324.29645,108.231,455.0651,Col623_T
2026-10-05 11:00:00,23,359.2194,135.42505,507.2565,Col623_T
2026-10-05 12:00:00,23,622.20557,250.07175,916.3644,Col623_T
2026-10-05 13:00:00,23,518.7094,226.57994,754.10547,Col623_T
2026-10-05 14:00:00,23,365.07315,152.01369,531.43286,Col623_T
2026-10-05 15:00:00,23,360.31097,153.24588,526.2246,Col623_T
2026-10-05 16:00:00,23,492.80524,220.21706,728.2847,Col623_T
2026-10-05 17:00:00,23,617.6987,331.33813,868.4501,Col623_T
2026-10-05 18:00:00,23,356.98303,165.13629,521.57855,Col623_T
2026-10-05 19:00:00,23,247.7359,128.6427,350.7671,Col623_T
2026-10-05 20:00:00,23,176.75381,83.3423,259.88562,Col623_T
2026-10-05 21:00:00,23,142.2799,71.97253,204.64612,Col623_T
2026-10-05 22:00:00,23,94.84893,30.978558,149.86409,Col623_T
2026-10-05 23:00:00,23,54.963856,15.108147,89.40861,Col623_T
2026-10-06 00:00:00,23,27.644218,0.0,60.43897,Col623_T
2026-10-06 01:00:00,23,8.762915,0.0,19.296106,Col623_T
2026-10-06 02:00:00,23,5.826666,0.0,24.243652,Col623_T
2026-10-06 03:00:00,23,8.175383,0.0,19.335218,Col623_T
2026-10-06 04:00:00,23,12.175569,0.0,35.269356,Col623_T
2026-10-06 05:00:00,23,41.888054,16.346937,55.12739,Col623_T
2026-10-06 06:00:00,23,142.19328,67.59146,209.24115,Col623_T
2026-10-06 07:00:00,23,426.2718,207.19029,630.7297,Col623_T
2026-10-06 08:00:00,23,907.59064,484.83795,1311.8616,Col623_T
2026-10-06 09:00:00,23,558.14056,294.06277,791.2344,Col623_T
2026-10-06 10:00:00,23,394.38773,197.87955,550.69324,Col623_T
2026-10-06 11:00:00,23,437.70166,206.81447,620.7027,Col623_T
2026-10-06 12:00:00,23,817.3736,319.10928,1256.4681,Col623_T
2026-10-06 13:00:00,23,702.66345,310.54593,1024.8777,Col623_T
2026-10-06 14:00:00,23,445.67163,159.79605,664.0845,Col623_T
2026-10-06 15:00:00,23,429.37875,126.09695,650.83813,Col623_T
2026-10-06 16:00:00,23,659.9468,253.38556,998.1471,Col623_T
2026-10-06 17:00:00,23,835.5611,351.218,1263.958,Col623_T
2026-10-06 18:00:00,23,440.158,154.7756,675.453,Col623_T
2026-10-06 19:00:00,23,278.98206,116.11931,406.32187,Col623_T
2026-10-06 20:00:00,23,209.53375,85.20584,307.8817,Col623_T
2026-10-06 21:00:00,23,174.15909,84.48271,242.30295,Col623_T
2026-10-06 22:00:00,23,120.26887,38.785748,177.98187,Col623_T
2026-10-06 23:00:00,23,71.47055,11.67161,107.86696,Col623_T
2026-10-07 00:00:00,23,44.5154,0.0,71.49015,Col623_T
2026-10-07 01:00:00,23,24.830067,0.0,33.315674,Col623_T
2026-10-07 02:00:00,23,14.52729,0.0,18.10085,Col623_T
2026-10-07 03:00:00,23,15.146093,0.0,18.138687,Col623_T
2026-10-07 04:00:00,23,28.568388,0.0,41.41951,Col623_T
2026-10-07 05:00:00,23,42.71324,4.466638,69.26419,Col623_T
2026-10-07 06:00:00,23,166.01297,79.220116,226.56937,Col623_T
2026-10-07 07:00:00,23,483.7021,259.75522,676.6369,Col623_T
2026-10-07 08:00:00,23,1065.083,668.14276,1403.3452,Col623_T
2026-10-07 09:00:00,23,643.86,351.6947,873.3873,Col623_T
2026-10-07 10:00:00,23,427.7298,209.31706,568.4849,Col623_T
2026-10-07 11:00:00,23,479.9735,208.80486,652.97314,Col623_T
2026-10-07 12:00:00,23,963.3971,503.52008,1301.9727,Col623_T
2026-10-07 13:00:00,23,800.5414,366.87854,1105.227,Col623_T
2026-10-07 14:00:00,23,521.0839,182.36157,729.9424,Col623_T
2026-10-07 15:00:00,23,504.6026,159.3641,725.8284,Col623_T
2026-10-07 16:00:00,23,765.44086,293.82263,1129.7487,Col623_T
2026-10-07 17:00:00,23,1036.7977,554.7843,1409.464,Col623_T
2026-10-07 18:00:00,23,524.3419,212.75717,745.58636,Col623_T
2026-10-07 19:00:00,23,325.90594,117.729324,459.35675,Col623_T
2026-10-07 20:00:00,23,221.29631,50.542217,328.8371,Col623_T
2026-10-07 21:00:00,23,184.86713,53.840347,260.83954,Col623_T
2026-10-07 22:00:00,23,130.29716,32.083,185.69398,Col623_T
2026-10-07 23:00:00,23,70.38964,2.12417,106.36452,Col623_T
2026-10-08 00:00:00,23,35.797764,0.0,77.66499,Col623_T
2026-10-08 01:00:00,23,12.103927,0.0,16.825367,Col623_T
2026-10-08 02:00:00,23,4.163967,0.0,8.937022,Col623_T
2026-10-08 03:00:00,23,11.447937,2.8215332,17.362946,Col623_T
2026-10-08 04:00:00,23,21.46103,0.0,35.525055,Col623_T
2026-10-08 05:00:00,23,58.655632,37.907875,61.588406,Col623_T
2026-10-08 06:00:00,23,185.53606,123.82415,217.16476,Col623_T
2026-10-08 07:00:00,23,501.5527,321.68402,640.2513,Col623_T
2026-10-08 08:00:00,23,1181.2815,832.0792,1478.64,Col623_T
2026-10-08 09:00:00,23,704.73474,471.0374,894.03357,Col623_T
2026-10-08 10:00:00,23,474.50528,330.91052,579.6372,Col623_T
2026-10-08 11:00:00,23,523.05865,358.66766,648.90027,Col623_T
2026-10-08 12:00:00,23,1111.8247,758.8137,1419.8402,Col623_T
2026-10-08 13:00:00,23,853.4908,530.9735,1119.2354,Col623_T
2026-10-08 14:00:00,23,531.8997,310.71478,691.51965,Col623_T
2026-10-08 15:00:00,23,520.942,296.94418,685.25183,Col623_T
2026-10-08 16:00:00,23,807.7762,476.51013,1077.5441,Col623_T
2026-10-08 17:00:00,23,1141.2026,748.6216,1469.9211,Col623_T
2026-10-08 18:00:00,23,563.30365,309.3988,774.3359,Col623_T
2026-10-08 19:00:00,23,344.53717,176.18492,479.61688,Col623_T
2026-10-08 20:00:00,23,234.84628,104.376236,340.66785,Col623_T
2026-10-08 21:00:00,23,208.927,119.89661,283.21155,Col623_T
2026-10-08 22:00:00,23,150.11536,83.16109,207.64204,Col623_T
2026-10-08 23:00:00,23,89.39846,43.082043,131.81505,Col623_T
2026-10-09 00:00:00,23,46.37947,10.9986515,77.192825,Col623_T
2026-10-09 01:00:00,23,19.244663,0.5834586,34.037006,Col623_T
2026-10-09 02:00:00,23,10.714312,0.0,25.843037,Col623_T
2026-10-09 03:00:00,23,15.516555,0.0,27.992071,Col623_T
2026-10-09 04:00:00,23,18.81261,0.0,39.93644,Col623_T
2026-10-09 05:00:00,23,50.842617,0.0,69.13978,Col623_T
2026-10-09 06:00:00,23,137.76663,22.553707,193.5521,Col623_T
2026-10-09 07:00:00,23,356.82355,136.77817,494.13467,Col623_T
2026-10-09 08:00:00,23,753.1697,402.2133,1018.87006,Col623_T
2026-10-09 09:00:00,23,507.05505,253.7982,691.32733,Col623_T
2026-10-09 10:00:00,23,388.4723,224.1422,511.2849,Col623_T
2026-10-09 11:00:00,23,450.84506,299.56396,576.86066,Col623_T
2026-10-09 12:00:00,23,684.13196,454.77173,896.9126,Col623_T
2026-10-09 13:00:00,23,623.73303,412.96292,829.4124,Col623_T
2026-10-09 14:00:00,23,489.39474,327.47437,651.2181,Col623_T
2026-10-09 15:00:00,23,490.3915,310.78418,663.38165,Col623_T
2026-10-09 16:00:00,23,639.7971,377.0679,887.98065,Col623_T
2026-10-09 17:00:00,23,707.9642,453.61728,941.54016,Col623_T
2026-10-09 18:00:00,23,490.51837,292.72183,673.5276,Col623_T
2026-10-09 19:00:00,23,339.82922,217.68663,458.4063,Col623_T
2026-10-09 20:00:00,23,278.105,183.52174,374.12155,Col623_T
2026-10-09 21:00:00,23,267.37585,190.09703,347.45435,Col623_T
2026-10-09 22:00:00,23,205.6886,139.61699,274.66376,Col623_T
2026-10-09 23:00:00,23,152.22061,104.227936,201.14496,Col623_T
2026-10-10 00:00:00,23,87.28743,53.764297,122.17343,Col623_T
2026-10-10 01:00:00,23,45.031082,22.408264,66.5664,Col623_T
2026-10-10 02:00:00,23,27.180855,5.838566,45.375587,Col623_T
2026-10-10 03:00:00,23,15.736247,0.0,30.381113,Col623_T
2026-10-10 04:00:00,23,13.952053,0.0,33.967285,Col623_T
2026-10-10 05:00:00,23,26.17622,3.5054018,50.309334,Col623_T
2026-10-10 06:00:00,23,38.991898,11.121152,72.44806,Col623_T
2026-10-10 07:00:00,23,97.08055,55.996742,145.82858,Col623_T
2026-10-10 08:00:00,23,157.17903,99.36835,223.33122,Col623_T
2026-10-10 09:00:00,23,262.5146,168.95848,363.45364,Col623_T
2026-10-10 10:00:00,23,278.89197,188.84357,375.39825,Col623_T
2026-10-10 11:00:00,23,301.35953,215.52118,398.06064,Col623_T
2026-10-10 12:00:00,23,307.9192,207.18425,419.59924,Col623_T
2026-10-10 13:00:00,23,323.1524,210.13544,446.97275,Col623_T
2026-10-10 14:00:00,23,337.9177,204.46626,484.47342,Col623_T
2026-10-10 15:00:00,23,337.78323,219.96085,471.50714,Col623_T
2026-10-10 16:00:00,23,360.6091,255.72531,487.66562,Col623_T
2026-10-10 17:00:00,23,347.01648,233.87152,481.29572,Col623_T
2026-10-10 18:00:00,23,349.7209,234.12329,489.10968,Col623_T
2026-10-10 19:00:00,23,314.48578,227.86554,427.40643,Col623_T
2026-10-10 20:00:00,23,269.30865,194.48897,368.96982,Col623_T
2026-10-10 21:00:00,23,233.1618,171.21146,319.55832,Col623_T
2026-10-10 22:00:00,23,192.38612,130.12416,270.91315,Col623_T
2026-10-10 23:00:00,23,153.37807,99.11911,220.1549,Col623_T
2026-10-11 00:00:00,23,87.97592,49.036133,133.64352,Col623_T
2026-10-11 01:00:00,23,43.45929,22.941467,68.84442,Col623_T
2026-10-11 02:00:00,23,26.373993,12.761505,46.494568,Col623_T
2026-10-11 03:00:00,23,21.372467,13.800049,36.90143,Col623_T
