forecast_start,datetime,actual,status,timesfm,baseline,residual,absolute_error,anomaly
2026-07-06,2026-07-06 14:00:00,1901.0,Observed,1524.9202,1527.0,376.079833984375,376.079833984375,True
2026-08-10,2026-08-10 14:00:00,910.0,Observed,1248.9802,1320.0,-338.980224609375,338.980224609375,True
2026-08-10,2026-08-10 13:00:00,1276.0,Observed,1611.1873,1685.0,-335.187255859375,335.187255859375,True
2026-07-11,2026-07-11 20:00:00,224.0,Observed,538.5056,498.0,-314.505615234375,314.505615234375,True
2026-07-01,2026-07-01 13:00:00,2168.0,Observed,1857.873,1918.0,310.126953125,310.126953125,True
2026-07-11,2026-07-11 19:00:00,468.0,Observed,772.3688,706.0,-304.3687744140625,304.3687744140625,True
2026-09-14,2026-09-14 12:00:00,1381.0,Observed,1685.2659,1501.0,-304.265869140625,304.265869140625,True
2026-07-21,2026-07-21 13:00:00,1982.0,Observed,1678.4254,1797.0,303.5745849609375,303.5745849609375,True
2026-07-06,2026-07-06 15:00:00,1772.0,Observed,1480.6945,1506.0,291.3055419921875,291.3055419921875,True
2026-09-29,2026-09-29 15:00:00,1624.0,Observed,1911.7354,1596.0,-287.7353515625,287.7353515625,True
2026-07-01,2026-07-01 15:00:00,1705.0,Observed,1417.9294,1259.0,287.070556640625,287.070556640625,True
2026-07-16,2026-07-16 14:00:00,1261.0,Observed,1547.1083,1910.0,-286.1082763671875,286.1082763671875,True
2026-08-15,2026-08-15 14:00:00,1907.0,Observed,2188.3643,1968.0,-281.3642578125,281.3642578125,True
2026-09-14,2026-09-14 20:00:00,39.0,Observed,309.8067,225.0,-270.80670166015625,270.80670166015625,True
2026-07-01,2026-07-01 14:00:00,1734.0,Observed,1469.0626,1478.0,264.9373779296875,264.9373779296875,True
2026-09-14,2026-09-14 16:00:00,990.0,Observed,1250.2542,1091.0,-260.254150390625,260.254150390625,True
2026-09-14,2026-09-14 13:00:00,1550.0,Observed,1808.2676,1672.0,-258.267578125,258.267578125,True
2026-09-24,2026-09-24 23:00:00,398.0,Observed,155.629,74.0,242.37100219726562,242.37100219726562,True
2026-08-05,2026-08-05 13:00:00,1486.0,Observed,1723.0133,1611.0,-237.0133056640625,237.0133056640625,True
2026-09-19,2026-09-19 13:00:00,2142.0,Observed,1911.9429,2069.0,230.05712890625,230.05712890625,True
2026-07-21,2026-07-21 12:00:00,1788.0,Observed,1562.7649,1612.0,225.235107421875,225.235107421875,True
2026-08-15,2026-08-15 18:00:00,1492.0,Observed,1275.3859,1315.0,216.6141357421875,216.6141357421875,True
2026-07-11,2026-07-11 15:00:00,2106.0,Observed,2317.3667,2183.0,-211.36669921875,211.36669921875,True
