sensor_id,first_datetime,last_datetime,records,expected_hours,coverage_pct,days_of_data,sensor_name
3,2024-10-05 00:00:00,2026-10-04 03:00:00,17497,17500.0,99.98285714285714,729.0416666666666,Swa295_T
62,2024-10-05 00:00:00,2026-10-04 03:00:00,17497,17500.0,99.98285714285714,729.0416666666666,Lat224_T
209,2024-10-05 00:00:00,2026-10-04 03:00:00,17497,17500.0,99.98285714285714,729.0416666666666,FliS_T
35,2024-10-05 00:00:00,2026-10-04 03:00:00,17496,17500.0,99.97714285714285,729.0,SouthB_T
59,2024-10-05 00:00:00,2026-10-04 03:00:00,17495,17500.0,99.97142857142856,728.9583333333334,RMIT_T
132,2024-10-05 00:00:00,2026-10-04 03:00:00,17495,17500.0,99.97142857142856,728.9583333333334,King335_T
135,2024-10-05 00:00:00,2026-10-04 03:00:00,17493,17500.0,99.96000000000001,728.875,Spen161_T
23,2024-10-05 00:00:00,2026-10-04 03:00:00,17492,17500.0,99.95428571428572,728.8333333333334,Col623_T
51,2024-10-05 00:00:00,2026-10-04 03:00:00,17492,17500.0,99.95428571428572,728.8333333333334,Fra118_T
21,2024-10-05 00:00:00,2026-10-04 03:00:00,17491,17500.0,99.94857142857143,728.7916666666666,Bourke155_T
47,2024-10-05 00:00:00,2026-10-04 03:00:00,17488,17500.0,99.93142857142857,728.6666666666666,Eli250_T
61,2024-10-05 00:00:00,2026-10-04 03:00:00,17488,17500.0,99.93142857142857,728.6666666666666,RMIT14_T
162,2024-10-05 00:00:00,2026-10-04 03:00:00,17488,17500.0,99.93142857142857,728.6666666666666,Eli489_T
5,2024-10-05 00:00:00,2026-10-04 03:00:00,17486,17500.0,99.92,728.5833333333334,PriNW_T
17,2024-10-05 00:00:00,2026-10-04 03:00:00,17482,17500.0,99.89714285714287,728.4166666666666,Col15_T
49,2024-10-05 00:00:00,2026-10-04 03:00:00,17480,17500.0,99.88571428571429,728.3333333333334,Eli501_T
134,2024-10-05 00:00:00,2026-10-04 03:00:00,17480,17500.0,99.88571428571429,728.3333333333334,Spen201_T
84,2024-10-05 00:00:00,2026-10-04 03:00:00,17473,17500.0,99.84571428571428,728.0416666666666,ElFi_T
109,2024-10-05 00:00:00,2026-10-04 03:00:00,17473,17500.0,99.84571428571428,728.0416666666666,LatWill_T
2,2024-10-05 00:00:00,2026-10-04 03:00:00,17472,17500.0,99.83999999999999,728.0,Bou283_T
67,2024-10-05 00:00:00,2026-10-04 03:00:00,17470,17500.0,99.82857142857144,727.9166666666666,FLDegS_T
58,2024-10-05 00:00:00,2026-10-04 03:00:00,17465,17500.0,99.8,727.7083333333334,Bou688_T
36,2024-10-05 00:00:00,2026-10-04 03:00:00,17462,17500.0,99.78285714285714,727.5833333333334,Que85_T
9,2024-10-05 00:00:00,2026-10-04 03:00:00,17460,17500.0,99.77142857142857,727.5,Col700_T
20,2024-10-05 00:00:00,2026-10-04 03:00:00,17458,17500.0,99.76,727.4166666666666,LtB170_T
63,2024-10-05 00:00:00,2026-10-04 03:00:00,17454,17500.0,99.73714285714286,727.25,Bou231_T
66,2024-10-05 00:00:00,2026-10-04 03:00:00,17443,17500.0,99.67428571428572,726.7916666666666,QVN_T
107,2024-10-05 00:00:00,2026-10-04 03:00:00,17437,17500.0,99.64,726.5416666666666,280Will_T
52,2024-10-05 00:00:00,2026-10-04 00:00:00,17436,17497.0,99.65136880608104,726.5,Eli263_T
31,2024-10-05 00:00:00,2026-10-04 00:00:00,17429,17497.0,99.61136194776248,726.2083333333334,Lyg161_T
133,2024-10-05 00:00:00,2026-10-04 03:00:00,17428,17500.0,99.58857142857143,726.1666666666666,Spen229_T
79,2024-10-05 00:00:00,2026-10-04 03:00:00,17423,17500.0,99.56,725.9583333333334,FliSS_T
4,2024-10-05 00:00:00,2026-10-04 03:00:00,17417,17500.0,99.52571428571429,725.7083333333334,Swa123_T
30,2024-10-05 00:00:00,2026-10-04 03:00:00,17404,17500.0,99.45142857142856,725.1666666666666,Lon189_T
24,2024-10-05 00:00:00,2026-10-04 03:00:00,17402,17500.0,99.44,725.0833333333334,Col620_T
41,2024-10-05 00:00:00,2026-10-04 03:00:00,17390,17500.0,99.37142857142857,724.5833333333334,Swa31
72,2024-10-05 00:00:00,2026-10-04 03:00:00,17384,17500.0,99.33714285714285,724.3333333333334,ACMI_T
6,2024-10-05 00:00:00,2026-10-04 03:00:00,17379,17500.0,99.30857142857143,724.125,FliS_T
117,2024-10-05 00:00:00,2026-10-04 03:00:00,17363,17500.0,99.21714285714286,723.4583333333334,Fli114F_T
25,2024-10-05 00:00:00,2026-10-04 03:00:00,17344,17500.0,99.10857142857142,722.6666666666666,MCEC_T
27,2024-10-05 00:00:00,2026-10-04 03:00:00,17344,17500.0,99.10857142857142,722.6666666666666,Vic_T
29,2024-10-05 00:00:00,2026-10-04 03:00:00,17341,17500.0,99.09142857142858,722.5416666666666,AG_T
54,2024-10-05 00:00:00,2026-10-04 03:00:00,17328,17500.0,99.01714285714286,722.0,Swa607_T
164,2024-10-05 00:00:00,2026-10-04 03:00:00,17321,17500.0,98.97714285714285,721.7083333333334,Lat526_T
143,2024-10-05 00:00:00,2026-10-04 03:00:00,17314,17500.0,98.93714285714286,721.4166666666666,Spencer_T
56,2024-10-05 00:00:00,2026-10-04 00:00:00,17287,17497.0,98.79979425044293,720.2916666666666,Lon364_T
40,2024-10-05 00:00:00,2026-10-04 03:00:00,17255,17500.0,98.6,718.9583333333334,Spr201_T
77,2024-10-05 00:00:00,2026-10-04 03:00:00,17163,17500.0,98.07428571428571,715.125,HarEsP_T
53,2024-10-09 09:00:00,2026-10-04 03:00:00,17162,17395.0,98.66053463638977,715.0833333333334,Col254_T
50,2024-10-05 00:00:00,2026-10-04 00:00:00,17134,17497.0,97.9253586329085,713.9166666666666,Lyg309_T
45,2024-10-05 00:00:00,2026-10-04 03:00:00,17119,17500.0,97.82285714285715,713.2916666666666,Swa148_T
19,2024-10-05 00:00:00,2026-10-04 03:00:00,17093,17500.0,97.67428571428572,712.2083333333334,LtB210_T
141,2024-10-05 00:00:00,2026-10-04 03:00:00,17040,17500.0,97.37142857142858,710.0,474Fl_T
11,2024-10-05 00:00:00,2026-10-04 03:00:00,16988,17500.0,97.07428571428571,707.8333333333334,WatCit_T
167,2024-10-05 00:00:00,2026-10-04 03:00:00,16986,17500.0,97.06285714285714,707.75,Lat526_T
87,2024-10-05 00:00:00,2026-10-04 01:00:00,16973,17498.0,96.999657103669,707.2083333333334,Errol23_T
70,2024-10-05 00:00:00,2026-10-04 03:00:00,16961,17500.0,96.92,706.7083333333334,Errol20_T
71,2024-10-05 00:00:00,2026-10-04 03:00:00,16877,17500.0,96.44,703.2083333333334,WestWP_T
10,2024-10-05 00:00:00,2026-10-04 03:00:00,16860,17500.0,96.34285714285714,702.5,BouHbr_T
139,2024-10-05 00:00:00,2026-10-04 03:00:00,16765,17500.0,95.8,698.5416666666666,Signal1647_T
69,2024-10-05 00:00:00,2026-10-04 03:00:00,16700,17500.0,95.42857142857143,695.8333333333334,FLDegC_T
165,2024-10-05 00:00:00,2026-10-04 03:00:00,16697,17500.0,95.41142857142857,695.7083333333334,Spen475_T
179,2024-12-20 10:00:00,2026-10-04 03:00:00,15537,15666.0,99.17656070471084,647.375,Pow61_T
108,2024-10-05 00:00:00,2026-07-08 18:00:00,15398,15403.0,99.96753879114458,641.5833333333334,261Will_T
181,2025-03-26 09:00:00,2026-10-04 03:00:00,13336,13363.0,99.79794956222405,555.6666666666666,Eli368_T
182,2025-04-12 08:00:00,2026-10-04 03:00:00,12954,12956.0,99.9845631367706,539.75,King163_T
78,2024-10-05 00:00:00,2026-02-13 10:00:00,11470,11915.0,96.26521191775073,477.9166666666667,
184,2025-06-28 10:00:00,2026-10-04 03:00:00,11104,11106.0,99.98199171618944,462.6666666666667,Eli124_T
185,2025-06-28 11:00:00,2026-10-04 03:00:00,10915,11105.0,98.28905898244035,454.7916666666667,Eli197_T
28,2024-10-05 00:00:00,2025-11-20 11:00:00,9662,9876.0,97.83313082219523,402.5833333333333,
187,2025-10-18 10:00:00,2026-10-04 00:00:00,8332,8415.0,99.0136660724896,347.1666666666667,Swa330_T
